workload_family,matrix_source,condition,best_backend_or_method,best_latency_per_word_us,best_throughput,baseline_backend_or_method,relative_to_baseline,notes
component_loop,galois_systematic_candidate,num_words=16384;iterations=1,PackedBlockLUT.apply_many,0.529736328284,1.8877315876,Naive.apply_many,10.8146833761,raw lightweight benchmark result; not a paper conclusion
component_loop,galois_systematic_candidate,num_words=16384;iterations=10,PackedBlockLUT.apply_many_packed,0.482519124271,2.07245671663,Naive.apply_many,11.8707522708,raw lightweight benchmark result; not a paper conclusion
component_loop,galois_systematic_candidate,num_words=16384;iterations=5,PackedBlockLUT.apply_many_packed,0.47476806652,2.1062916201,Naive.apply_many,12.0784777007,raw lightweight benchmark result; not a paper conclusion
component_loop,galois_systematic_candidate,num_words=4096;iterations=1,PackedBlockLUT.apply_many_packed,0.454972327664,2.19793587257,Naive.apply_many,12.4262079029,raw lightweight benchmark result; not a paper conclusion
component_loop,galois_systematic_candidate,num_words=4096;iterations=10,PackedBlockLUT.apply_many,0.483402506291,2.06866945659,Naive.apply_many,11.6176294857,raw lightweight benchmark result; not a paper conclusion
component_loop,galois_systematic_candidate,num_words=4096;iterations=5,PackedBlockLUT.apply_many_packed,0.452488606584,2.21000039658,Naive.apply_many,12.6506623938,raw lightweight benchmark result; not a paper conclusion
component_loop,galois_systematic_candidate,num_words=65536;iterations=1,PackedBlockLUT.apply_many_packed,0.47114766429,2.12247682795,Naive.apply_many,11.9977513061,raw lightweight benchmark result; not a paper conclusion
component_loop,galois_systematic_candidate,num_words=65536;iterations=10,PackedBlockLUT.apply_many_packed,0.467978617339,2.13684976823,Naive.apply_many,12.2351595522,raw lightweight benchmark result; not a paper conclusion
component_loop,galois_systematic_candidate,num_words=65536;iterations=5,PackedBlockLUT.apply_many_packed,0.469071451844,2.13187137284,Naive.apply_many,12.272827661,raw lightweight benchmark result; not a paper conclusion
event_update,galois_systematic_candidate,flip_count=1;iterations=1,event_update.batch_update_many,0.0262695275903,38.0669198014,from_scratch.PackedBlockLUT.apply_many_packed,20.2180944706,raw lightweight benchmark result; not a paper conclusion
event_update,galois_systematic_candidate,flip_count=1;iterations=10,event_update.batch_update_many,0.0280997719907,35.5874773763,from_scratch.PackedBlockLUT.apply_many_packed,17.0867098098,raw lightweight benchmark result; not a paper conclusion
event_update,galois_systematic_candidate,flip_count=1;iterations=5,event_update.batch_update_many,0.0249186200563,40.1306331467,from_scratch.PackedBlockLUT.apply_many_packed,19.6975830324,raw lightweight benchmark result; not a paper conclusion
event_update,galois_systematic_candidate,flip_count=2;iterations=1,event_update.batch_update_many,0.0734944668087,13.6064664923,from_scratch.PackedBlockLUT.apply_many_packed,6.06333735951,raw lightweight benchmark result; not a paper conclusion
event_update,galois_systematic_candidate,flip_count=2;iterations=10,event_update.batch_update_many,0.0715266925984,13.9807946331,from_scratch.PackedBlockLUT.apply_many_packed,6.33494516783,raw lightweight benchmark result; not a paper conclusion
event_update,galois_systematic_candidate,flip_count=2;iterations=5,event_update.batch_update_many,0.0651855467974,15.3408239883,from_scratch.PackedBlockLUT.apply_many_packed,7.4176779297,raw lightweight benchmark result; not a paper conclusion
event_update,galois_systematic_candidate,flip_count=4;iterations=1,event_update.batch_update_many,0.093261723085,10.7225125906,from_scratch.PackedBlockLUT.apply_many_packed,5.49171000538,raw lightweight benchmark result; not a paper conclusion
event_update,galois_systematic_candidate,flip_count=4;iterations=10,event_update.batch_update_many,0.117966308248,8.47699665145,from_scratch.PackedBlockLUT.apply_many_packed,4.3421566559,raw lightweight benchmark result; not a paper conclusion
event_update,galois_systematic_candidate,flip_count=4;iterations=5,event_update.batch_update_many,0.101891275979,9.81438293306,from_scratch.PackedBlockLUT.apply_many_packed,4.72976902329,raw lightweight benchmark result; not a paper conclusion
event_update,galois_systematic_candidate,flip_count=8;iterations=1,event_update.batch_update_many,0.192358399431,5.19862924082,from_scratch.PackedBlockLUT.apply_many_packed,2.48077166066,raw lightweight benchmark result; not a paper conclusion
event_update,galois_systematic_candidate,flip_count=8;iterations=10,event_update.batch_update_many,0.201821288689,4.95487867756,from_scratch.PackedBlockLUT.apply_many_packed,2.48920153394,raw lightweight benchmark result; not a paper conclusion
event_update,galois_systematic_candidate,flip_count=8;iterations=5,event_update.batch_update_many,0.199339192856,5.0165749428,from_scratch.PackedBlockLUT.apply_many_packed,2.39233633034,raw lightweight benchmark result; not a paper conclusion
planner_batch_syndrome,galois_systematic_candidate,batch_size=1;density=0.005;flip_count=0,Naive.apply_many,14.5333663871,0.0688071829585,PackedBlockLUT.apply_many_packed,5.90136226977,raw lightweight benchmark result; not a paper conclusion
planner_batch_syndrome,galois_systematic_candidate,batch_size=1;density=0.05;flip_count=0,Naive.apply_many,12.1666622969,0.0821918103418,PackedBlockLUT.apply_many_packed,6.24657730857,raw lightweight benchmark result; not a paper conclusion
planner_batch_syndrome,galois_systematic_candidate,batch_size=1;density=0.5;flip_count=0,Naive.apply_many,17.8333333073,0.0560747664371,PackedBlockLUT.apply_many_packed,8.74953189073,raw lightweight benchmark result; not a paper conclusion
planner_batch_syndrome,galois_systematic_candidate,batch_size=16;density=0.005;flip_count=0,PackedBlockLUT.apply_many_packed,4.58958311356,0.217884713112,PackedBlockLUT.apply_many_packed,1,raw lightweight benchmark result; not a paper conclusion
planner_batch_syndrome,galois_systematic_candidate,batch_size=16;density=0.05;flip_count=0,PackedBlockLUT.apply_many_packed,4.41874969207,0.226308360891,PackedBlockLUT.apply_many_packed,1,raw lightweight benchmark result; not a paper conclusion
planner_batch_syndrome,galois_systematic_candidate,batch_size=16;density=0.5;flip_count=0,PackedBlockLUT.apply_many_packed,5.08124988604,0.196801972434,PackedBlockLUT.apply_many_packed,1,raw lightweight benchmark result; not a paper conclusion
planner_batch_syndrome,galois_systematic_candidate,batch_size=4096;density=0.005;flip_count=0,PackedBlockLUT.apply_many_packed,0.507836910894,1.96913611151,PackedBlockLUT.apply_many_packed,1,raw lightweight benchmark result; not a paper conclusion
planner_batch_syndrome,galois_systematic_candidate,batch_size=4096;density=0.05;flip_count=0,PackedBlockLUT.apply_many_packed,0.468139650896,2.13611472151,PackedBlockLUT.apply_many_packed,1,raw lightweight benchmark result; not a paper conclusion
planner_batch_syndrome,galois_systematic_candidate,batch_size=4096;density=0.5;flip_count=0,PackedBlockLUT.apply_many_packed,0.450740557767,2.21857115533,PackedBlockLUT.apply_many_packed,1,raw lightweight benchmark result; not a paper conclusion
planner_batch_syndrome,galois_systematic_candidate,batch_size=64;density=0.005;flip_count=0,HybridPlanner.apply_many_packed,1.32968762045,0.752056336102,PackedBlockLUT.apply_many_packed,1.02663530339,raw lightweight benchmark result; not a paper conclusion
planner_batch_syndrome,galois_systematic_candidate,batch_size=64;density=0.05;flip_count=0,PackedBlockLUT.apply_many_packed,1.39479167653,0.716952944894,PackedBlockLUT.apply_many_packed,1,raw lightweight benchmark result; not a paper conclusion
planner_batch_syndrome,galois_systematic_candidate,batch_size=64;density=0.5;flip_count=0,PackedBlockLUT.apply_many_packed,1.29114566031,0.774505952921,PackedBlockLUT.apply_many_packed,1,raw lightweight benchmark result; not a paper conclusion
planner_event_update,galois_systematic_candidate,batch_size=1;density=0.005;flip_count=1,HybridPlanner.update_many,12.9666683885,0.0771208123813,from_scratch.PackedBlockLUT.apply_many_packed,6.38046108242,raw lightweight benchmark result; not a paper conclusion
planner_event_update,galois_systematic_candidate,batch_size=1;density=0.005;flip_count=2,from_scratch.Naive.apply_many,14.5666611691,0.0686499114924,from_scratch.PackedBlockLUT.apply_many_packed,5.90389205605,raw lightweight benchmark result; not a paper conclusion
planner_event_update,galois_systematic_candidate,batch_size=1;density=0.005;flip_count=4,HybridPlanner.update_many,11.966660774,0.0835655007596,from_scratch.PackedBlockLUT.apply_many_packed,6.80501721099,raw lightweight benchmark result; not a paper conclusion
planner_event_update,galois_systematic_candidate,batch_size=1;density=0.05;flip_count=1,HybridPlanner.update_many,12.066680938,0.0828728301625,from_scratch.PackedBlockLUT.apply_many_packed,6.27347277428,raw lightweight benchmark result; not a paper conclusion
planner_event_update,galois_systematic_candidate,batch_size=1;density=0.05;flip_count=2,HybridPlanner.update_many,11.2333412593,0.0890207087028,from_scratch.PackedBlockLUT.apply_many_packed,6.72996500634,raw lightweight benchmark result; not a paper conclusion
planner_event_update,galois_systematic_candidate,batch_size=1;density=0.05;flip_count=4,HybridPlanner.update_many,11.0333397364,0.0906343884893,from_scratch.PackedBlockLUT.apply_many_packed,7.1903283895,raw lightweight benchmark result; not a paper conclusion
planner_event_update,galois_systematic_candidate,batch_size=1;density=0.5;flip_count=1,from_scratch.Naive.apply_many,17.0333466182,0.0587083690841,from_scratch.PackedBlockLUT.apply_many_packed,7.18199049541,raw lightweight benchmark result; not a paper conclusion
planner_event_update,galois_systematic_candidate,batch_size=1;density=0.5;flip_count=2,HybridPlanner.update_many,14.9333306278,0.0669642978466,from_scratch.PackedBlockLUT.apply_many_packed,6.79017953429,raw lightweight benchmark result; not a paper conclusion
planner_event_update,galois_systematic_candidate,batch_size=1;density=0.5;flip_count=4,HybridPlanner.update_many,13.9666566004,0.0715990969499,from_scratch.PackedBlockLUT.apply_many_packed,6.65394200901,raw lightweight benchmark result; not a paper conclusion
planner_event_update,galois_systematic_candidate,batch_size=16;density=0.005;flip_count=1,HybridPlanner.update_many,0.752082996769,1.32964048422,from_scratch.PackedBlockLUT.apply_many_packed,5.85041753132,raw lightweight benchmark result; not a paper conclusion
planner_event_update,galois_systematic_candidate,batch_size=16;density=0.005;flip_count=2,HybridPlanner.update_many,0.770833139541,1.29729762345,from_scratch.PackedBlockLUT.apply_many_packed,5.63783813547,raw lightweight benchmark result; not a paper conclusion
planner_event_update,galois_systematic_candidate,batch_size=16;density=0.005;flip_count=4,HybridPlanner.update_many,0.760416393556,1.31506896547,from_scratch.PackedBlockLUT.apply_many_packed,5.45753630006,raw lightweight benchmark result; not a paper conclusion
planner_event_update,galois_systematic_candidate,batch_size=16;density=0.05;flip_count=1,HybridPlanner.update_many,0.712499362029,1.40351002863,from_scratch.PackedBlockLUT.apply_many_packed,6.23392352323,raw lightweight benchmark result; not a paper conclusion
planner_event_update,galois_systematic_candidate,batch_size=16;density=0.05;flip_count=2,HybridPlanner.update_many,0.754166345966,1.32596741468,from_scratch.PackedBlockLUT.apply_many_packed,5.79005838456,raw lightweight benchmark result; not a paper conclusion
planner_event_update,galois_systematic_candidate,batch_size=16;density=0.05;flip_count=4,HybridPlanner.update_many,0.841667012234,1.18811832407,from_scratch.PackedBlockLUT.apply_many_packed,5.04455189485,raw lightweight benchmark result; not a paper conclusion
planner_event_update,galois_systematic_candidate,batch_size=16;density=0.5;flip_count=1,HybridPlanner.update_many,0.747917511035,1.33704584429,from_scratch.PackedBlockLUT.apply_many_packed,6.20612136365,raw lightweight benchmark result; not a paper conclusion
planner_event_update,galois_systematic_candidate,batch_size=16;density=0.5;flip_count=2,HybridPlanner.update_many,0.785416583919,1.27320968321,from_scratch.PackedBlockLUT.apply_many_packed,5.90185755024,raw lightweight benchmark result; not a paper conclusion
planner_event_update,galois_systematic_candidate,batch_size=16;density=0.5;flip_count=4,HybridPlanner.update_many,0.791666631509,1.26315795083,from_scratch.PackedBlockLUT.apply_many_packed,5.62631599102,raw lightweight benchmark result; not a paper conclusion
planner_event_update,galois_systematic_candidate,batch_size=4096;density=0.005;flip_count=1,HybridPlanner.update_many,0.0280110725726,35.7001681178,from_scratch.PackedBlockLUT.apply_many_packed,19.7966263238,raw lightweight benchmark result; not a paper conclusion
planner_event_update,galois_systematic_candidate,batch_size=4096;density=0.005;flip_count=2,HybridPlanner.update_many,0.0752685546483,13.2857606297,from_scratch.PackedBlockLUT.apply_many_packed,7.22640287921,raw lightweight benchmark result; not a paper conclusion
planner_event_update,galois_systematic_candidate,batch_size=4096;density=0.005;flip_count=4,HybridPlanner.update_many,0.107185878543,9.32958719554,from_scratch.PackedBlockLUT.apply_many_packed,4.77321357932,raw lightweight benchmark result; not a paper conclusion
planner_event_update,galois_systematic_candidate,batch_size=4096;density=0.05;flip_count=1,HybridPlanner.update_many,0.0257649759305,38.8123785831,from_scratch.PackedBlockLUT.apply_many_packed,17.8660756916,raw lightweight benchmark result; not a paper conclusion
planner_event_update,galois_systematic_candidate,batch_size=4096;density=0.05;flip_count=2,HybridPlanner.update_many,0.0626708972125,15.9563696146,from_scratch.PackedBlockLUT.apply_many_packed,6.85170772331,raw lightweight benchmark result; not a paper conclusion
planner_event_update,galois_systematic_candidate,batch_size=4096;density=0.05;flip_count=4,HybridPlanner.update_many,0.121004229451,8.26417394281,from_scratch.PackedBlockLUT.apply_many_packed,3.65996378825,raw lightweight benchmark result; not a paper conclusion
planner_event_update,galois_systematic_candidate,batch_size=4096;density=0.5;flip_count=1,HybridPlanner.update_many,0.0292073565333,34.2379495679,from_scratch.PackedBlockLUT.apply_many_packed,19.9866260235,raw lightweight benchmark result; not a paper conclusion
planner_event_update,galois_systematic_candidate,batch_size=4096;density=0.5;flip_count=2,HybridPlanner.update_many,0.0842854793367,11.8644398522,from_scratch.PackedBlockLUT.apply_many_packed,5.46133065516,raw lightweight benchmark result; not a paper conclusion
planner_event_update,galois_systematic_candidate,batch_size=4096;density=0.5;flip_count=4,HybridPlanner.update_many,0.112906898645,8.85685473605,from_scratch.PackedBlockLUT.apply_many_packed,4.26574898208,raw lightweight benchmark result; not a paper conclusion
planner_event_update,galois_systematic_candidate,batch_size=64;density=0.005;flip_count=1,HybridPlanner.update_many,0.189062423791,5.2892583304,from_scratch.PackedBlockLUT.apply_many_packed,7.02755003375,raw lightweight benchmark result; not a paper conclusion
planner_event_update,galois_systematic_candidate,batch_size=64;density=0.005;flip_count=2,HybridPlanner.update_many,0.224999894272,4.44444653291,from_scratch.PackedBlockLUT.apply_many_packed,5.56018836655,raw lightweight benchmark result; not a paper conclusion
planner_event_update,galois_systematic_candidate,batch_size=64;density=0.005;flip_count=4,HybridPlanner.update_many,0.260937364753,3.83233731569,from_scratch.PackedBlockLUT.apply_many_packed,4.93613071054,raw lightweight benchmark result; not a paper conclusion
planner_event_update,galois_systematic_candidate,batch_size=64;density=0.05;flip_count=1,HybridPlanner.update_many,0.186979074594,5.34819204862,from_scratch.PackedBlockLUT.apply_many_packed,6.71866715741,raw lightweight benchmark result; not a paper conclusion
planner_event_update,galois_systematic_candidate,batch_size=64;density=0.05;flip_count=2,HybridPlanner.update_many,0.219791521279,4.54976604274,from_scratch.PackedBlockLUT.apply_many_packed,5.59715996083,raw lightweight benchmark result; not a paper conclusion
planner_event_update,galois_systematic_candidate,batch_size=64;density=0.05;flip_count=4,HybridPlanner.update_many,0.270833273438,3.69230850887,from_scratch.PackedBlockLUT.apply_many_packed,5.03461565585,raw lightweight benchmark result; not a paper conclusion
planner_event_update,galois_systematic_candidate,batch_size=64;density=0.5;flip_count=1,HybridPlanner.update_many,0.178645677806,5.59767251175,from_scratch.PackedBlockLUT.apply_many_packed,6.95044368531,raw lightweight benchmark result; not a paper conclusion
planner_event_update,galois_systematic_candidate,batch_size=64;density=0.5;flip_count=2,HybridPlanner.update_many,0.227083243468,4.40367146746,from_scratch.PackedBlockLUT.apply_many_packed,5.64449790532,raw lightweight benchmark result; not a paper conclusion
planner_event_update,galois_systematic_candidate,batch_size=64;density=0.5;flip_count=4,HybridPlanner.update_many,0.256770969524,3.89452126093,from_scratch.PackedBlockLUT.apply_many_packed,4.93914528058,raw lightweight benchmark result; not a paper conclusion
bch_syndrome,galois_systematic_candidate,total_bits=1000000;iterations=1,PackedBlockLUT.apply_many_packed,0.522647285062,487.900745471,Naive.apply_many,10.7307047602,raw lightweight benchmark result; not a paper conclusion
bch_syndrome,galois_systematic_candidate,total_bits=1000000;iterations=10,PackedBlockLUT.apply_many_packed,0.425802942024,598.868572368,Naive.apply_many,13.3764374733,raw lightweight benchmark result; not a paper conclusion
bch_syndrome,galois_systematic_candidate,total_bits=1000000;iterations=5,PackedBlockLUT.apply_many_packed,0.397561846288,641.409638226,Naive.apply_many,14.2080820869,raw lightweight benchmark result; not a paper conclusion
bch_syndrome,galois_systematic_candidate,total_bits=10000000;iterations=1,PackedBlockLUT.apply_many_packed,0.475763525332,535.980558456,Naive.apply_many,11.8904740419,raw lightweight benchmark result; not a paper conclusion
bch_syndrome,galois_systematic_candidate,total_bits=10000000;iterations=10,PackedBlockLUT.apply_many_packed,0.4796303285,531.659456977,Naive.apply_many,12.1015533419,raw lightweight benchmark result; not a paper conclusion
bch_syndrome,galois_systematic_candidate,total_bits=10000000;iterations=5,PackedBlockLUT.apply_many_packed,0.495762335795,514.359364535,Naive.apply_many,11.5954859728,raw lightweight benchmark result; not a paper conclusion
bch_syndrome,placeholder,total_bits=1000000;iterations=1,PackedBlockLUT.apply_many_packed,0.49285046526,517.398314447,Naive.apply_many,11.2600303093,raw lightweight benchmark result; not a paper conclusion
bch_syndrome,placeholder,total_bits=1000000;iterations=10,PackedBlockLUT.apply_many_packed,0.481106010473,530.028713941,Naive.apply_many,11.7824146301,raw lightweight benchmark result; not a paper conclusion
bch_syndrome,placeholder,total_bits=1000000;iterations=5,PackedBlockLUT.apply_many_packed,0.483706538052,527.179146734,Naive.apply_many,11.63793005,raw lightweight benchmark result; not a paper conclusion
bch_syndrome,placeholder,total_bits=10000000;iterations=1,PackedBlockLUT.apply_many_packed,0.477011347764,534.578477421,Naive.apply_many,11.7669428684,raw lightweight benchmark result; not a paper conclusion
bch_syndrome,placeholder,total_bits=10000000;iterations=10,PackedBlockLUT.apply_many_packed,0.473499001271,538.543902554,Naive.apply_many,12.0524129065,raw lightweight benchmark result; not a paper conclusion
bch_syndrome,placeholder,total_bits=10000000;iterations=5,PackedBlockLUT.apply_many_packed,0.475842237209,535.891898742,Naive.apply_many,11.9143579751,raw lightweight benchmark result; not a paper conclusion
cache_aware,bch_255_239_r16,preset=lightweight;block_width=10;batch_size=1;density=0.005,PackedBatch.apply_many,13.1000027371,0.0763358619131,Naive.apply_many,1.08397304971,raw lightweight benchmark result; not a paper conclusion
cache_aware,bch_255_239_r16,preset=lightweight;block_width=10;batch_size=1;density=0.05,Naive.apply_many,11.9333465894,0.0837987895942,Naive.apply_many,1,raw lightweight benchmark result; not a paper conclusion
cache_aware,bch_255_239_r16,preset=lightweight;block_width=10;batch_size=1;density=0.5,PackedBatch.apply_many,10.5333359291,0.094936685465,Naive.apply_many,1.40822717192,raw lightweight benchmark result; not a paper conclusion
cache_aware,bch_255_239_r16,preset=lightweight;block_width=10;batch_size=4096;density=0.005,PackedBlockLUT.apply_many_packed,0.480094399791,2.08292369258,Naive.apply_many,11.9208563968,raw lightweight benchmark result; not a paper conclusion
cache_aware,bch_255_239_r16,preset=lightweight;block_width=10;batch_size=4096;density=0.05,PackedBlockLUT.apply_many_packed,0.423461912646,2.36148746826,Naive.apply_many,13.3488998305,raw lightweight benchmark result; not a paper conclusion
cache_aware,bch_255_239_r16,preset=lightweight;block_width=10;batch_size=4096;density=0.5,PackedBlockLUT.apply_many_packed,0.515877279857,1.93844551611,Naive.apply_many,10.9856446232,raw lightweight benchmark result; not a paper conclusion
cache_aware,bch_255_239_r16,preset=lightweight;block_width=10;batch_size=64;density=0.005,PackedBlockLUT.apply_many_packed,1.16979178226,0.854852987659,Naive.apply_many,4.29519107842,raw lightweight benchmark result; not a paper conclusion
cache_aware,bch_255_239_r16,preset=lightweight;block_width=10;batch_size=64;density=0.05,PackedBlockLUT.apply_many_packed,1.08645842071,0.920421785995,Naive.apply_many,4.95685462122,raw lightweight benchmark result; not a paper conclusion
cache_aware,bch_255_239_r16,preset=lightweight;block_width=10;batch_size=64;density=0.5,PackedBlockLUT.apply_many_packed,1.38124990675,0.723981949331,Naive.apply_many,3.83182528219,raw lightweight benchmark result; not a paper conclusion
cache_aware,bch_255_239_r16,preset=lightweight;block_width=12;batch_size=1;density=0.005,PackedBatch.apply_many,13.1000027371,0.0763358619131,Naive.apply_many,1.08397304971,raw lightweight benchmark result; not a paper conclusion
cache_aware,bch_255_239_r16,preset=lightweight;block_width=12;batch_size=1;density=0.05,Naive.apply_many,11.9333465894,0.0837987895942,Naive.apply_many,1,raw lightweight benchmark result; not a paper conclusion
cache_aware,bch_255_239_r16,preset=lightweight;block_width=12;batch_size=1;density=0.5,PackedBatch.apply_many,10.5333359291,0.094936685465,Naive.apply_many,1.40822717192,raw lightweight benchmark result; not a paper conclusion
cache_aware,bch_255_239_r16,preset=lightweight;block_width=12;batch_size=4096;density=0.005,PackedBlockLUT.apply_many_packed,0.443945315472,2.25252968136,Naive.apply_many,12.8915346042,raw lightweight benchmark result; not a paper conclusion
cache_aware,bch_255_239_r16,preset=lightweight;block_width=12;batch_size=4096;density=0.05,PackedBlockLUT.apply_many_packed,0.406038410006,2.46282118971,Naive.apply_many,13.9217140907,raw lightweight benchmark result; not a paper conclusion
cache_aware,bch_255_239_r16,preset=lightweight;block_width=12;batch_size=4096;density=0.5,PackedBlockLUT.apply_many_packed,0.568058268868,1.76038278959,Naive.apply_many,9.97651962184,raw lightweight benchmark result; not a paper conclusion
cache_aware,bch_255_239_r16,preset=lightweight;block_width=12;batch_size=64;density=0.005,PackedBlockLUT.apply_many_packed,1.10989579601,0.900985483137,Naive.apply_many,4.52698284363,raw lightweight benchmark result; not a paper conclusion
cache_aware,bch_255_239_r16,preset=lightweight;block_width=12;batch_size=64;density=0.05,PackedBlockLUT.apply_many_packed,1.00312505917,0.996884676404,Naive.apply_many,5.36863912854,raw lightweight benchmark result; not a paper conclusion
cache_aware,bch_255_239_r16,preset=lightweight;block_width=12;batch_size=64;density=0.5,PackedBlockLUT.apply_many_packed,1.28020838019,0.781122835525,Naive.apply_many,4.1342553256,raw lightweight benchmark result; not a paper conclusion
cache_aware,bch_255_239_r16,preset=lightweight;block_width=14;batch_size=1;density=0.005,PackedBatch.apply_many,13.1000027371,0.0763358619131,Naive.apply_many,1.08397304971,raw lightweight benchmark result; not a paper conclusion
cache_aware,bch_255_239_r16,preset=lightweight;block_width=14;batch_size=1;density=0.05,Naive.apply_many,11.9333465894,0.0837987895942,Naive.apply_many,1,raw lightweight benchmark result; not a paper conclusion
cache_aware,bch_255_239_r16,preset=lightweight;block_width=14;batch_size=1;density=0.5,PackedBatch.apply_many,10.5333359291,0.094936685465,Naive.apply_many,1.40822717192,raw lightweight benchmark result; not a paper conclusion
cache_aware,bch_255_239_r16,preset=lightweight;block_width=14;batch_size=4096;density=0.005,PackedBlockLUT.apply_many_packed,0.46444498499,2.15310754195,Naive.apply_many,12.3225281395,raw lightweight benchmark result; not a paper conclusion
cache_aware,bch_255_239_r16,preset=lightweight;block_width=14;batch_size=4096;density=0.05,PackedBlockLUT.apply_many_packed,0.390364580956,2.5617078208,Naive.apply_many,14.4806955592,raw lightweight benchmark result; not a paper conclusion
cache_aware,bch_255_239_r16,preset=lightweight;block_width=14;batch_size=4096;density=0.5,PackedBlockLUT.apply_many_packed,0.455371093722,2.19601115176,Naive.apply_many,12.4453320464,raw lightweight benchmark result; not a paper conclusion
cache_aware,bch_255_239_r16,preset=lightweight;block_width=14;batch_size=64;density=0.005,PackedBlockLUT.apply_many_packed,0.945833259417,1.05726880509,Naive.apply_many,5.31222514828,raw lightweight benchmark result; not a paper conclusion
cache_aware,bch_255_239_r16,preset=lightweight;block_width=14;batch_size=64;density=0.05,PackedBlockLUT.apply_many_packed,0.941666864189,1.0619466799,Naive.apply_many,5.71902511203,raw lightweight benchmark result; not a paper conclusion
cache_aware,bch_255_239_r16,preset=lightweight;block_width=14;batch_size=64;density=0.5,PackedBlockLUT.apply_many_packed,1.04895843833,0.953326617583,Naive.apply_many,5.04567971455,raw lightweight benchmark result; not a paper conclusion
cache_aware,bch_255_239_r16,preset=lightweight;block_width=16;batch_size=1;density=0.005,PackedBatch.apply_many,13.1000027371,0.0763358619131,Naive.apply_many,1.08397304971,raw lightweight benchmark result; not a paper conclusion
cache_aware,bch_255_239_r16,preset=lightweight;block_width=16;batch_size=1;density=0.05,Naive.apply_many,11.9333465894,0.0837987895942,Naive.apply_many,1,raw lightweight benchmark result; not a paper conclusion
cache_aware,bch_255_239_r16,preset=lightweight;block_width=16;batch_size=1;density=0.5,PackedBatch.apply_many,10.5333359291,0.094936685465,Naive.apply_many,1.40822717192,raw lightweight benchmark result; not a paper conclusion
cache_aware,bch_255_239_r16,preset=lightweight;block_width=16;batch_size=4096;density=0.005,PackedBlockLUT.apply_many_packed,0.424910481911,2.35343688276,Naive.apply_many,13.4690402813,raw lightweight benchmark result; not a paper conclusion
cache_aware,bch_255_239_r16,preset=lightweight;block_width=16;batch_size=4096;density=0.05,PackedBlockLUT.apply_many_packed,0.482104496768,2.07423910522,Naive.apply_many,11.7251564584,raw lightweight benchmark result; not a paper conclusion
cache_aware,bch_255_239_r16,preset=lightweight;block_width=16;batch_size=4096;density=0.5,PackedBlockLUT.apply_many_packed,0.487190751149,2.0525841216,Naive.apply_many,11.6324960036,raw lightweight benchmark result; not a paper conclusion
cache_aware,bch_255_239_r16,preset=lightweight;block_width=16;batch_size=64;density=0.005,PackedBlockLUT.apply_many_packed,0.861458223274,1.1608223974,Naive.apply_many,5.83252802168,raw lightweight benchmark result; not a paper conclusion
cache_aware,bch_255_239_r16,preset=lightweight;block_width=16;batch_size=64;density=0.05,PackedBlockLUT.apply_many_packed,1.06770827794,0.936585414445,Naive.apply_many,5.04390249166,raw lightweight benchmark result; not a paper conclusion
cache_aware,bch_255_239_r16,preset=lightweight;block_width=16;batch_size=64;density=0.5,PackedBlockLUT.apply_many_packed,0.806250075887,1.24030996078,Naive.apply_many,6.56459884096,raw lightweight benchmark result; not a paper conclusion
cache_aware,bch_255_239_r16,preset=lightweight;block_width=18;batch_size=1;density=0.005,PackedBatch.apply_many,13.1000027371,0.0763358619131,Naive.apply_many,1.08397304971,raw lightweight benchmark result; not a paper conclusion
cache_aware,bch_255_239_r16,preset=lightweight;block_width=18;batch_size=1;density=0.05,Naive.apply_many,11.9333465894,0.0837987895942,Naive.apply_many,1,raw lightweight benchmark result; not a paper conclusion
cache_aware,bch_255_239_r16,preset=lightweight;block_width=18;batch_size=1;density=0.5,PackedBatch.apply_many,10.5333359291,0.094936685465,Naive.apply_many,1.40822717192,raw lightweight benchmark result; not a paper conclusion
cache_aware,bch_255_239_r16,preset=lightweight;block_width=18;batch_size=4096;density=0.005,PackedBlockLUT.apply_many_packed,0.446386716627,2.24021003034,Naive.apply_many,12.8210275611,raw lightweight benchmark result; not a paper conclusion
cache_aware,bch_255_239_r16,preset=lightweight;block_width=18;batch_size=4096;density=0.05,PackedBlockLUT.apply_many_packed,0.456282554258,2.19162444557,Naive.apply_many,12.3887065179,raw lightweight benchmark result; not a paper conclusion
cache_aware,bch_255_239_r16,preset=lightweight;block_width=18;batch_size=4096;density=0.5,PackedBlockLUT.apply_many_packed,0.48324381415,2.06934878568,Naive.apply_many,11.7275054533,raw lightweight benchmark result; not a paper conclusion
cache_aware,bch_255_239_r16,preset=lightweight;block_width=18;batch_size=64;density=0.005,PackedBlockLUT.apply_many_packed,0.863541572471,1.15802183922,Naive.apply_many,5.81845667531,raw lightweight benchmark result; not a paper conclusion
cache_aware,bch_255_239_r16,preset=lightweight;block_width=18;batch_size=64;density=0.05,PackedBlockLUT.apply_many_packed,0.938541537228,1.06548294384,Naive.apply_many,5.73806936597,raw lightweight benchmark result; not a paper conclusion
cache_aware,bch_255_239_r16,preset=lightweight;block_width=18;batch_size=64;density=0.5,PackedBlockLUT.apply_many_packed,0.793229143407,1.26066976776,Naive.apply_many,6.67235736065,raw lightweight benchmark result; not a paper conclusion
cache_aware,bch_255_239_r16,preset=lightweight;block_width=20;batch_size=1;density=0.005,PackedBatch.apply_many,13.1000027371,0.0763358619131,Naive.apply_many,1.08397304971,raw lightweight benchmark result; not a paper conclusion
cache_aware,bch_255_239_r16,preset=lightweight;block_width=20;batch_size=1;density=0.05,Naive.apply_many,11.9333465894,0.0837987895942,Naive.apply_many,1,raw lightweight benchmark result; not a paper conclusion
cache_aware,bch_255_239_r16,preset=lightweight;block_width=20;batch_size=1;density=0.5,PackedBatch.apply_many,10.5333359291,0.094936685465,Naive.apply_many,1.40822717192,raw lightweight benchmark result; not a paper conclusion
cache_aware,bch_255_239_r16,preset=lightweight;block_width=20;batch_size=4096;density=0.005,PackedBlockLUT.apply_many_packed,0.498632810301,2.00548375346,Naive.apply_many,11.4776570626,raw lightweight benchmark result; not a paper conclusion
cache_aware,bch_255_239_r16,preset=lightweight;block_width=20;batch_size=4096;density=0.05,PackedBlockLUT.apply_many_packed,0.393074543581,2.54404671157,Naive.apply_many,14.3808617125,raw lightweight benchmark result; not a paper conclusion
cache_aware,bch_255_239_r16,preset=lightweight;block_width=20;batch_size=4096;density=0.5,PackedBlockLUT.apply_many_packed,0.435148114282,2.29806809952,Naive.apply_many,13.0237137189,raw lightweight benchmark result; not a paper conclusion
cache_aware,bch_255_239_r16,preset=lightweight;block_width=20;batch_size=64;density=0.005,PackedBlockLUT.apply_many_packed,0.743229369012,1.34547966172,Naive.apply_many,6.76033461034,raw lightweight benchmark result; not a paper conclusion
cache_aware,bch_255_239_r16,preset=lightweight;block_width=20;batch_size=64;density=0.05,PackedBlockLUT.apply_many_packed,0.748958579303,1.33518732228,Naive.apply_many,7.19053976051,raw lightweight benchmark result; not a paper conclusion
cache_aware,bch_255_239_r16,preset=lightweight;block_width=20;batch_size=64;density=0.5,PackedBlockLUT.apply_many_packed,0.768228953045,1.30169527722,Naive.apply_many,6.88949341563,raw lightweight benchmark result; not a paper conclusion
cache_aware,bch_255_239_r16,preset=lightweight;block_width=4;batch_size=1;density=0.005,PackedBatch.apply_many,13.1000027371,0.0763358619131,Naive.apply_many,1.08397304971,raw lightweight benchmark result; not a paper conclusion
cache_aware,bch_255_239_r16,preset=lightweight;block_width=4;batch_size=1;density=0.05,Naive.apply_many,11.9333465894,0.0837987895942,Naive.apply_many,1,raw lightweight benchmark result; not a paper conclusion
cache_aware,bch_255_239_r16,preset=lightweight;block_width=4;batch_size=1;density=0.5,PackedBatch.apply_many,10.5333359291,0.094936685465,Naive.apply_many,1.40822717192,raw lightweight benchmark result; not a paper conclusion
cache_aware,bch_255_239_r16,preset=lightweight;block_width=4;batch_size=4096;density=0.005,PackedBlockLUT.apply_many_packed,0.850667314959,1.17554769346,Naive.apply_many,6.7278197906,raw lightweight benchmark result; not a paper conclusion
cache_aware,bch_255_239_r16,preset=lightweight;block_width=4;batch_size=4096;density=0.05,PackedBlockLUT.apply_many_packed,0.61734211935,1.61984735636,Naive.apply_many,9.15659320294,raw lightweight benchmark result; not a paper conclusion
cache_aware,bch_255_239_r16,preset=lightweight;block_width=4;batch_size=4096;density=0.5,PackedBlockLUT.apply_many_packed,0.827742515715,1.2081051547,Naive.apply_many,6.84662725197,raw lightweight benchmark result; not a paper conclusion
cache_aware,bch_255_239_r16,preset=lightweight;block_width=4;batch_size=64;density=0.005,PackedBlockLUT.apply_many_packed,2.07916673389,0.480961908297,Naive.apply_many,2.4165831171,raw lightweight benchmark result; not a paper conclusion
cache_aware,bch_255_239_r16,preset=lightweight;block_width=4;batch_size=64;density=0.05,PackedBlockLUT.apply_many_packed,2.62291662996,0.381254969592,Naive.apply_many,2.05321678239,raw lightweight benchmark result; not a paper conclusion
cache_aware,bch_255_239_r16,preset=lightweight;block_width=4;batch_size=64;density=0.5,PackedBlockLUT.apply_many_packed,2.48229177184,0.402853528882,Naive.apply_many,2.13218622152,raw lightweight benchmark result; not a paper conclusion
cache_aware,bch_255_239_r16,preset=lightweight;block_width=6;batch_size=1;density=0.005,PackedBatch.apply_many,13.1000027371,0.0763358619131,Naive.apply_many,1.08397304971,raw lightweight benchmark result; not a paper conclusion
cache_aware,bch_255_239_r16,preset=lightweight;block_width=6;batch_size=1;density=0.05,Naive.apply_many,11.9333465894,0.0837987895942,Naive.apply_many,1,raw lightweight benchmark result; not a paper conclusion
cache_aware,bch_255_239_r16,preset=lightweight;block_width=6;batch_size=1;density=0.5,PackedBatch.apply_many,10.5333359291,0.094936685465,Naive.apply_many,1.40822717192,raw lightweight benchmark result; not a paper conclusion
cache_aware,bch_255_239_r16,preset=lightweight;block_width=6;batch_size=4096;density=0.005,PackedBlockLUT.apply_many_packed,0.612841792721,1.6317425017,Naive.apply_many,9.33868490168,raw lightweight benchmark result; not a paper conclusion
cache_aware,bch_255_239_r16,preset=lightweight;block_width=6;batch_size=4096;density=0.05,PackedBlockLUT.apply_many_packed,0.472762044031,2.11522903039,Naive.apply_many,11.9568622847,raw lightweight benchmark result; not a paper conclusion
cache_aware,bch_255_239_r16,preset=lightweight;block_width=6;batch_size=4096;density=0.5,PackedBlockLUT.apply_many_packed,0.585107424437,1.709087867,Naive.apply_many,9.6858187557,raw lightweight benchmark result; not a paper conclusion
cache_aware,bch_255_239_r16,preset=lightweight;block_width=6;batch_size=64;density=0.005,PackedBlockLUT.apply_many_packed,1.62291659459,0.616174610162,Naive.apply_many,3.09595652881,raw lightweight benchmark result; not a paper conclusion
cache_aware,bch_255_239_r16,preset=lightweight;block_width=6;batch_size=64;density=0.05,PackedBlockLUT.apply_many_packed,1.85729186342,0.538418338925,Naive.apply_many,2.89960697591,raw lightweight benchmark result; not a paper conclusion
cache_aware,bch_255_239_r16,preset=lightweight;block_width=6;batch_size=64;density=0.5,PackedBlockLUT.apply_many_packed,1.55312469966,0.643863303582,Naive.apply_many,3.40778065975,raw lightweight benchmark result; not a paper conclusion
cache_aware,bch_255_239_r16,preset=lightweight;block_width=8;batch_size=1;density=0.005,PackedBatch.apply_many,13.1000027371,0.0763358619131,Naive.apply_many,1.08397304971,raw lightweight benchmark result; not a paper conclusion
cache_aware,bch_255_239_r16,preset=lightweight;block_width=8;batch_size=1;density=0.05,Naive.apply_many,11.9333465894,0.0837987895942,Naive.apply_many,1,raw lightweight benchmark result; not a paper conclusion
cache_aware,bch_255_239_r16,preset=lightweight;block_width=8;batch_size=1;density=0.5,PackedBatch.apply_many,10.5333359291,0.094936685465,Naive.apply_many,1.40822717192,raw lightweight benchmark result; not a paper conclusion
cache_aware,bch_255_239_r16,preset=lightweight;block_width=8;batch_size=4096;density=0.005,PackedBlockLUT.apply_many_packed,0.468334960146,2.13522389976,Naive.apply_many,12.2201776161,raw lightweight benchmark result; not a paper conclusion
cache_aware,bch_255_239_r16,preset=lightweight;block_width=8;batch_size=4096;density=0.05,PackedBlockLUT.apply_many_packed,0.45287272125,2.20812593269,Naive.apply_many,12.48198531,raw lightweight benchmark result; not a paper conclusion
cache_aware,bch_255_239_r16,preset=lightweight;block_width=8;batch_size=4096;density=0.5,PackedBlockLUT.apply_many_packed,0.525179037443,1.90411255725,Naive.apply_many,10.7910713522,raw lightweight benchmark result; not a paper conclusion
cache_aware,bch_255_239_r16,preset=lightweight;block_width=8;batch_size=64;density=0.005,PackedBlockLUT.apply_many_packed,1.38437493054,0.722347666039,Naive.apply_many,3.6294208425,raw lightweight benchmark result; not a paper conclusion
cache_aware,bch_255_239_r16,preset=lightweight;block_width=8;batch_size=64;density=0.05,PackedBlockLUT.apply_many_packed,1.29427068411,0.772635903972,Naive.apply_many,4.16096610206,raw lightweight benchmark result; not a paper conclusion
cache_aware,bch_255_239_r16,preset=lightweight;block_width=8;batch_size=64;density=0.5,PackedBlockLUT.apply_many_packed,1.45416652231,0.687679151362,Naive.apply_many,3.63968516157,raw lightweight benchmark result; not a paper conclusion
cache_aware,ebch_256_239_r17,preset=lightweight;block_width=10;batch_size=1;density=0.005,SparseXor.apply_many,9.99999853472,0.100000014653,Naive.apply_many,1.44333289354,raw lightweight benchmark result; not a paper conclusion
cache_aware,ebch_256_239_r17,preset=lightweight;block_width=10;batch_size=1;density=0.05,Naive.apply_many,12.6666661041,0.0789473719271,Naive.apply_many,1,raw lightweight benchmark result; not a paper conclusion
cache_aware,ebch_256_239_r17,preset=lightweight;block_width=10;batch_size=1;density=0.5,PackedBatch.apply_many,11.1999882696,0.0892858078002,Naive.apply_many,1.00893038114,raw lightweight benchmark result; not a paper conclusion
cache_aware,ebch_256_239_r17,preset=lightweight;block_width=10;batch_size=4096;density=0.005,PackedBlockLUT.apply_many_packed,0.460791014234,2.1701812082,Naive.apply_many,13.124262696,raw lightweight benchmark result; not a paper conclusion
cache_aware,ebch_256_239_r17,preset=lightweight;block_width=10;batch_size=4096;density=0.05,PackedBlockLUT.apply_many_packed,0.495084634622,2.01985666706,Naive.apply_many,12.3010059986,raw lightweight benchmark result; not a paper conclusion
cache_aware,ebch_256_239_r17,preset=lightweight;block_width=10;batch_size=4096;density=0.5,PackedBlockLUT.apply_many_packed,0.505419923987,1.97855278856,Naive.apply_many,11.72524389,raw lightweight benchmark result; not a paper conclusion
cache_aware,ebch_256_239_r17,preset=lightweight;block_width=10;batch_size=64;density=0.005,PackedBlockLUT.apply_many_packed,1.27083361197,0.786885073371,Naive.apply_many,4.59835959397,raw lightweight benchmark result; not a paper conclusion
cache_aware,ebch_256_239_r17,preset=lightweight;block_width=10;batch_size=64;density=0.05,PackedBlockLUT.apply_many_packed,1.48854178406,0.671798407483,Naive.apply_many,3.922323125,raw lightweight benchmark result; not a paper conclusion
cache_aware,ebch_256_239_r17,preset=lightweight;block_width=10;batch_size=64;density=0.5,PackedBlockLUT.apply_many_packed,1.76302061542,0.567208341894,Naive.apply_many,3.45819838239,raw lightweight benchmark result; not a paper conclusion
cache_aware,ebch_256_239_r17,preset=lightweight;block_width=12;batch_size=1;density=0.005,SparseXor.apply_many,9.99999853472,0.100000014653,Naive.apply_many,1.44333289354,raw lightweight benchmark result; not a paper conclusion
cache_aware,ebch_256_239_r17,preset=lightweight;block_width=12;batch_size=1;density=0.05,Naive.apply_many,12.6666661041,0.0789473719271,Naive.apply_many,1,raw lightweight benchmark result; not a paper conclusion
cache_aware,ebch_256_239_r17,preset=lightweight;block_width=12;batch_size=1;density=0.5,PackedBatch.apply_many,11.1999882696,0.0892858078002,Naive.apply_many,1.00893038114,raw lightweight benchmark result; not a paper conclusion
cache_aware,ebch_256_239_r17,preset=lightweight;block_width=12;batch_size=4096;density=0.005,PackedBlockLUT.apply_many_packed,0.493912760173,2.02464904865,Naive.apply_many,12.2441508024,raw lightweight benchmark result; not a paper conclusion
cache_aware,ebch_256_239_r17,preset=lightweight;block_width=12;batch_size=4096;density=0.05,PackedBlockLUT.apply_many_packed,0.511344396159,1.95562913667,Naive.apply_many,11.9098578298,raw lightweight benchmark result; not a paper conclusion
cache_aware,ebch_256_239_r17,preset=lightweight;block_width=12;batch_size=4096;density=0.5,PackedBlockLUT.apply_many_packed,0.494108069423,2.0238487527,Naive.apply_many,11.9936755587,raw lightweight benchmark result; not a paper conclusion
cache_aware,ebch_256_239_r17,preset=lightweight;block_width=12;batch_size=64;density=0.005,PackedBlockLUT.apply_many_packed,1.19739555278,0.835145911203,Naive.apply_many,4.88038386176,raw lightweight benchmark result; not a paper conclusion
cache_aware,ebch_256_239_r17,preset=lightweight;block_width=12;batch_size=64;density=0.05,PackedBlockLUT.apply_many_packed,1.29427098727,0.772635722992,Naive.apply_many,4.51106601287,raw lightweight benchmark result; not a paper conclusion
cache_aware,ebch_256_239_r17,preset=lightweight;block_width=12;batch_size=64;density=0.5,PackedBlockLUT.apply_many_packed,1.09635402623,0.912114131088,Naive.apply_many,5.56104587981,raw lightweight benchmark result; not a paper conclusion
cache_aware,ebch_256_239_r17,preset=lightweight;block_width=14;batch_size=1;density=0.005,SparseXor.apply_many,9.99999853472,0.100000014653,Naive.apply_many,1.44333289354,raw lightweight benchmark result; not a paper conclusion
cache_aware,ebch_256_239_r17,preset=lightweight;block_width=14;batch_size=1;density=0.05,Naive.apply_many,12.6666661041,0.0789473719271,Naive.apply_many,1,raw lightweight benchmark result; not a paper conclusion
cache_aware,ebch_256_239_r17,preset=lightweight;block_width=14;batch_size=1;density=0.5,PackedBatch.apply_many,11.1999882696,0.0892858078002,Naive.apply_many,1.00893038114,raw lightweight benchmark result; not a paper conclusion
cache_aware,ebch_256_239_r17,preset=lightweight;block_width=14;batch_size=4096;density=0.005,PackedBlockLUT.apply_many_packed,0.488281249507,2.04800000207,Naive.apply_many,12.3853666813,raw lightweight benchmark result; not a paper conclusion
cache_aware,ebch_256_239_r17,preset=lightweight;block_width=14;batch_size=4096;density=0.05,PackedBlockLUT.apply_many_packed,0.476310224447,2.09947204295,Naive.apply_many,12.7858667476,raw lightweight benchmark result; not a paper conclusion
cache_aware,ebch_256_239_r17,preset=lightweight;block_width=14;batch_size=4096;density=0.5,PackedBlockLUT.apply_many_packed,0.459391278203,2.17679361243,Naive.apply_many,12.900053085,raw lightweight benchmark result; not a paper conclusion
cache_aware,ebch_256_239_r17,preset=lightweight;block_width=14;batch_size=64;density=0.005,PackedBlockLUT.apply_many_packed,1.10208353969,0.90737223086,Naive.apply_many,5.30245641235,raw lightweight benchmark result; not a paper conclusion
cache_aware,ebch_256_239_r17,preset=lightweight;block_width=14;batch_size=64;density=0.05,PackedBlockLUT.apply_many_packed,1.11979140153,0.893023467257,Naive.apply_many,5.21395489744,raw lightweight benchmark result; not a paper conclusion
cache_aware,ebch_256_239_r17,preset=lightweight;block_width=14;batch_size=64;density=0.5,PackedBlockLUT.apply_many_packed,0.886979250936,1.12742208901,Naive.apply_many,6.87375159447,raw lightweight benchmark result; not a paper conclusion
cache_aware,ebch_256_239_r17,preset=lightweight;block_width=16;batch_size=1;density=0.005,SparseXor.apply_many,9.99999853472,0.100000014653,Naive.apply_many,1.44333289354,raw lightweight benchmark result; not a paper conclusion
cache_aware,ebch_256_239_r17,preset=lightweight;block_width=16;batch_size=1;density=0.05,Naive.apply_many,12.6666661041,0.0789473719271,Naive.apply_many,1,raw lightweight benchmark result; not a paper conclusion
cache_aware,ebch_256_239_r17,preset=lightweight;block_width=16;batch_size=1;density=0.5,PackedBatch.apply_many,11.1999882696,0.0892858078002,Naive.apply_many,1.00893038114,raw lightweight benchmark result; not a paper conclusion
cache_aware,ebch_256_239_r17,preset=lightweight;block_width=16;batch_size=4096;density=0.005,PackedBlockLUT.apply_many_packed,0.494580078225,2.02191726684,Naive.apply_many,12.2276302363,raw lightweight benchmark result; not a paper conclusion
cache_aware,ebch_256_239_r17,preset=lightweight;block_width=16;batch_size=4096;density=0.05,PackedBlockLUT.apply_many_packed,0.466292320311,2.14457746019,Naive.apply_many,13.0605605004,raw lightweight benchmark result; not a paper conclusion
cache_aware,ebch_256_239_r17,preset=lightweight;block_width=16;batch_size=4096;density=0.5,PackedBlockLUT.apply_many_packed,0.397729489047,2.5142717036,Naive.apply_many,14.9000062575,raw lightweight benchmark result; not a paper conclusion
cache_aware,ebch_256_239_r17,preset=lightweight;block_width=16;batch_size=64;density=0.005,PackedBlockLUT.apply_many_packed,0.979166846567,1.02127640811,Naive.apply_many,5.96808394039,raw lightweight benchmark result; not a paper conclusion
cache_aware,ebch_256_239_r17,preset=lightweight;block_width=16;batch_size=64;density=0.05,PackedBlockLUT.apply_many_packed,0.919270860322,1.08781866495,Naive.apply_many,6.35127481369,raw lightweight benchmark result; not a paper conclusion
cache_aware,ebch_256_239_r17,preset=lightweight;block_width=16;batch_size=64;density=0.5,PackedBlockLUT.apply_many_packed,0.753645811831,1.32688324449,Naive.apply_many,8.08984133484,raw lightweight benchmark result; not a paper conclusion
cache_aware,ebch_256_239_r17,preset=lightweight;block_width=18;batch_size=1;density=0.005,SparseXor.apply_many,9.99999853472,0.100000014653,Naive.apply_many,1.44333289354,raw lightweight benchmark result; not a paper conclusion
cache_aware,ebch_256_239_r17,preset=lightweight;block_width=18;batch_size=1;density=0.05,Naive.apply_many,12.6666661041,0.0789473719271,Naive.apply_many,1,raw lightweight benchmark result; not a paper conclusion
cache_aware,ebch_256_239_r17,preset=lightweight;block_width=18;batch_size=1;density=0.5,PackedBatch.apply_many,11.1999882696,0.0892858078002,Naive.apply_many,1.00893038114,raw lightweight benchmark result; not a paper conclusion
cache_aware,ebch_256_239_r17,preset=lightweight;block_width=18;batch_size=4096;density=0.005,PackedBlockLUT.apply_many_packed,0.474332679801,2.10822497075,Naive.apply_many,12.7495797281,raw lightweight benchmark result; not a paper conclusion
cache_aware,ebch_256_239_r17,preset=lightweight;block_width=18;batch_size=4096;density=0.05,PackedBlockLUT.apply_many_packed,0.432006833269,2.31477820022,Naive.apply_many,14.0970896553,raw lightweight benchmark result; not a paper conclusion
cache_aware,ebch_256_239_r17,preset=lightweight;block_width=18;batch_size=4096;density=0.5,PackedBlockLUT.apply_many_packed,0.44948730249,2.22475694967,Naive.apply_many,13.1842920651,raw lightweight benchmark result; not a paper conclusion
cache_aware,ebch_256_239_r17,preset=lightweight;block_width=18;batch_size=64;density=0.005,PackedBlockLUT.apply_many_packed,0.878646157313,1.13811457738,Naive.apply_many,6.65085698414,raw lightweight benchmark result; not a paper conclusion
cache_aware,ebch_256_239_r17,preset=lightweight;block_width=18;batch_size=64;density=0.05,PackedBlockLUT.apply_many_packed,0.881770574779,1.13408184465,Naive.apply_many,6.62138432505,raw lightweight benchmark result; not a paper conclusion
cache_aware,ebch_256_239_r17,preset=lightweight;block_width=18;batch_size=64;density=0.5,PackedBlockLUT.apply_many_packed,1.75156280117,0.570918724314,Naive.apply_many,3.48082012036,raw lightweight benchmark result; not a paper conclusion
cache_aware,ebch_256_239_r17,preset=lightweight;block_width=20;batch_size=1;density=0.005,SparseXor.apply_many,9.99999853472,0.100000014653,Naive.apply_many,1.44333289354,raw lightweight benchmark result; not a paper conclusion
cache_aware,ebch_256_239_r17,preset=lightweight;block_width=20;batch_size=1;density=0.05,Naive.apply_many,12.6666661041,0.0789473719271,Naive.apply_many,1,raw lightweight benchmark result; not a paper conclusion
cache_aware,ebch_256_239_r17,preset=lightweight;block_width=20;batch_size=1;density=0.5,PackedBatch.apply_many,11.1999882696,0.0892858078002,Naive.apply_many,1.00893038114,raw lightweight benchmark result; not a paper conclusion
cache_aware,ebch_256_239_r17,preset=lightweight;block_width=20;batch_size=4096;density=0.005,PackedBlockLUT.apply_many_packed,0.45969238253,2.17536778508,Naive.apply_many,13.1556287391,raw lightweight benchmark result; not a paper conclusion
cache_aware,ebch_256_239_r17,preset=lightweight;block_width=20;batch_size=4096;density=0.05,PackedBlockLUT.apply_many_packed,0.443196616591,2.25633491449,Naive.apply_many,13.7411677624,raw lightweight benchmark result; not a paper conclusion
cache_aware,ebch_256_239_r17,preset=lightweight;block_width=20;batch_size=4096;density=0.5,PackedBlockLUT.apply_many_packed,0.46706543344,2.14102763425,Naive.apply_many,12.688097751,raw lightweight benchmark result; not a paper conclusion
cache_aware,ebch_256_239_r17,preset=lightweight;block_width=20;batch_size=64;density=0.005,PackedBlockLUT.apply_many_packed,0.734375134925,1.36170187748,Naive.apply_many,7.95744525385,raw lightweight benchmark result; not a paper conclusion
cache_aware,ebch_256_239_r17,preset=lightweight;block_width=20;batch_size=64;density=0.05,PackedBlockLUT.apply_many_packed,0.833854149581,1.19925049303,Naive.apply_many,7.00187420673,raw lightweight benchmark result; not a paper conclusion
cache_aware,ebch_256_239_r17,preset=lightweight;block_width=20;batch_size=64;density=0.5,PackedBlockLUT.apply_many_packed,0.740625182516,1.35021063772,Naive.apply_many,8.23206553641,raw lightweight benchmark result; not a paper conclusion
cache_aware,ebch_256_239_r17,preset=lightweight;block_width=4;batch_size=1;density=0.005,SparseXor.apply_many,9.99999853472,0.100000014653,Naive.apply_many,1.44333289354,raw lightweight benchmark result; not a paper conclusion
cache_aware,ebch_256_239_r17,preset=lightweight;block_width=4;batch_size=1;density=0.05,Naive.apply_many,12.6666661041,0.0789473719271,Naive.apply_many,1,raw lightweight benchmark result; not a paper conclusion
cache_aware,ebch_256_239_r17,preset=lightweight;block_width=4;batch_size=1;density=0.5,PackedBatch.apply_many,11.1999882696,0.0892858078002,Naive.apply_many,1.00893038114,raw lightweight benchmark result; not a paper conclusion
cache_aware,ebch_256_239_r17,preset=lightweight;block_width=4;batch_size=4096;density=0.005,PackedBlockLUT.apply_many_packed,0.598819985006,1.66995094526,Naive.apply_many,10.0990990117,raw lightweight benchmark result; not a paper conclusion
cache_aware,ebch_256_239_r17,preset=lightweight;block_width=4;batch_size=4096;density=0.05,PackedBlockLUT.apply_many_packed,0.615917969071,1.62359283251,Naive.apply_many,9.88774376804,raw lightweight benchmark result; not a paper conclusion
cache_aware,ebch_256_239_r17,preset=lightweight;block_width=4;batch_size=4096;density=0.5,PackedBlockLUT.apply_many_packed,0.587353521079,1.70255214979,Naive.apply_many,10.0896166668,raw lightweight benchmark result; not a paper conclusion
cache_aware,ebch_256_239_r17,preset=lightweight;block_width=4;batch_size=64;density=0.005,PackedBlockLUT.apply_many_packed,2.72760432078,0.366622091182,Naive.apply_many,2.1424478204,raw lightweight benchmark result; not a paper conclusion
cache_aware,ebch_256_239_r17,preset=lightweight;block_width=4;batch_size=64;density=0.05,PackedBlockLUT.apply_many_packed,2.57656271666,0.388113975853,Naive.apply_many,2.2660196953,raw lightweight benchmark result; not a paper conclusion
cache_aware,ebch_256_239_r17,preset=lightweight;block_width=4;batch_size=64;density=0.5,PackedBlockLUT.apply_many_packed,2.66562498534,0.375146543682,Naive.apply_many,2.28722159866,raw lightweight benchmark result; not a paper conclusion
cache_aware,ebch_256_239_r17,preset=lightweight;block_width=6;batch_size=1;density=0.005,SparseXor.apply_many,9.99999853472,0.100000014653,Naive.apply_many,1.44333289354,raw lightweight benchmark result; not a paper conclusion
cache_aware,ebch_256_239_r17,preset=lightweight;block_width=6;batch_size=1;density=0.05,Naive.apply_many,12.6666661041,0.0789473719271,Naive.apply_many,1,raw lightweight benchmark result; not a paper conclusion
cache_aware,ebch_256_239_r17,preset=lightweight;block_width=6;batch_size=1;density=0.5,PackedBatch.apply_many,11.1999882696,0.0892858078002,Naive.apply_many,1.00893038114,raw lightweight benchmark result; not a paper conclusion
cache_aware,ebch_256_239_r17,preset=lightweight;block_width=6;batch_size=4096;density=0.005,PackedBlockLUT.apply_many_packed,0.541682946202,1.84609836254,Naive.apply_many,11.1643579721,raw lightweight benchmark result; not a paper conclusion
cache_aware,ebch_256_239_r17,preset=lightweight;block_width=6;batch_size=4096;density=0.05,PackedBlockLUT.apply_many_packed,0.545524088125,1.83309962249,Naive.apply_many,11.1636483024,raw lightweight benchmark result; not a paper conclusion
cache_aware,ebch_256_239_r17,preset=lightweight;block_width=6;batch_size=4096;density=0.5,PackedBlockLUT.apply_many_packed,0.524707028641,1.90582543289,Naive.apply_many,11.2942490802,raw lightweight benchmark result; not a paper conclusion
cache_aware,ebch_256_239_r17,preset=lightweight;block_width=6;batch_size=64;density=0.005,PackedBlockLUT.apply_many_packed,1.91822922109,0.521314131285,Naive.apply_many,3.04642941922,raw lightweight benchmark result; not a paper conclusion
cache_aware,ebch_256_239_r17,preset=lightweight;block_width=6;batch_size=64;density=0.05,PackedBlockLUT.apply_many_packed,1.58281242572,0.631786801614,Naive.apply_many,3.68871368916,raw lightweight benchmark result; not a paper conclusion
cache_aware,ebch_256_239_r17,preset=lightweight;block_width=6;batch_size=64;density=0.5,PackedBlockLUT.apply_many_packed,1.85885407215,0.537965844109,Naive.apply_many,3.27991052753,raw lightweight benchmark result; not a paper conclusion
cache_aware,ebch_256_239_r17,preset=lightweight;block_width=8;batch_size=1;density=0.005,SparseXor.apply_many,9.99999853472,0.100000014653,Naive.apply_many,1.44333289354,raw lightweight benchmark result; not a paper conclusion
cache_aware,ebch_256_239_r17,preset=lightweight;block_width=8;batch_size=1;density=0.05,Naive.apply_many,12.6666661041,0.0789473719271,Naive.apply_many,1,raw lightweight benchmark result; not a paper conclusion
cache_aware,ebch_256_239_r17,preset=lightweight;block_width=8;batch_size=1;density=0.5,PackedBatch.apply_many,11.1999882696,0.0892858078002,Naive.apply_many,1.00893038114,raw lightweight benchmark result; not a paper conclusion
cache_aware,ebch_256_239_r17,preset=lightweight;block_width=8;batch_size=4096;density=0.005,PackedBlockLUT.apply_many_packed,0.497395840663,2.01047117456,Naive.apply_many,12.1584095088,raw lightweight benchmark result; not a paper conclusion
cache_aware,ebch_256_239_r17,preset=lightweight;block_width=8;batch_size=4096;density=0.05,PackedBlockLUT.apply_many_packed,0.493733722351,2.0253832273,Naive.apply_many,12.3346629663,raw lightweight benchmark result; not a paper conclusion
cache_aware,ebch_256_239_r17,preset=lightweight;block_width=8;batch_size=4096;density=0.5,PackedBlockLUT.apply_many_packed,0.425236005223,2.35163529832,Naive.apply_many,13.9361949666,raw lightweight benchmark result; not a paper conclusion
cache_aware,ebch_256_239_r17,preset=lightweight;block_width=8;batch_size=64;density=0.005,PackedBlockLUT.apply_many_packed,1.44635396282,0.691393687649,Naive.apply_many,4.04033181515,raw lightweight benchmark result; not a paper conclusion
cache_aware,ebch_256_239_r17,preset=lightweight;block_width=8;batch_size=64;density=0.05,PackedBlockLUT.apply_many_packed,1.2531251438,0.798004895958,Naive.apply_many,4.65918499123,raw lightweight benchmark result; not a paper conclusion
cache_aware,ebch_256_239_r17,preset=lightweight;block_width=8;batch_size=64;density=0.5,PackedBlockLUT.apply_many_packed,1.41510402803,0.706661828524,Naive.apply_many,4.30842886432,raw lightweight benchmark result; not a paper conclusion
cache_aware,synthetic_511_r32,preset=lightweight;block_width=10;batch_size=1;density=0.005,SparseXor.apply_many,8.76665581018,0.114068582325,Naive.apply_many,3.46388243366,raw lightweight benchmark result; not a paper conclusion
cache_aware,synthetic_511_r32,preset=lightweight;block_width=10;batch_size=1;density=0.05,SparseXor.apply_many,12.8333340399,0.0779220736319,Naive.apply_many,3.52467475526,raw lightweight benchmark result; not a paper conclusion
cache_aware,synthetic_511_r32,preset=lightweight;block_width=10;batch_size=1;density=0.5,SparseXor.apply_many,20.5333344638,0.04870129602,Naive.apply_many,1.55194749972,raw lightweight benchmark result; not a paper conclusion
cache_aware,synthetic_511_r32,preset=lightweight;block_width=10;batch_size=4096;density=0.005,PackedBlockLUT.apply_many_packed,0.908528643132,1.10068076286,Naive.apply_many,24.6884629887,raw lightweight benchmark result; not a paper conclusion
cache_aware,synthetic_511_r32,preset=lightweight;block_width=10;batch_size=4096;density=0.05,PackedBlockLUT.apply_many_packed,0.922233070355,1.08432459445,Naive.apply_many,23.7599450034,raw lightweight benchmark result; not a paper conclusion
cache_aware,synthetic_511_r32,preset=lightweight;block_width=10;batch_size=4096;density=0.5,PackedBlockLUT.apply_many_packed,0.964160155566,1.03717208622,Naive.apply_many,23.6017505788,raw lightweight benchmark result; not a paper conclusion
cache_aware,synthetic_511_r32,preset=lightweight;block_width=10;batch_size=64;density=0.005,PackedBlockLUT.apply_many_packed,2.43593755537,0.410519554491,Naive.apply_many,9.00897993472,raw lightweight benchmark result; not a paper conclusion
cache_aware,synthetic_511_r32,preset=lightweight;block_width=10;batch_size=64;density=0.05,PackedBlockLUT.apply_many_packed,2.17812521441,0.459110428263,Naive.apply_many,10.252987979,raw lightweight benchmark result; not a paper conclusion
cache_aware,synthetic_511_r32,preset=lightweight;block_width=10;batch_size=64;density=0.5,PackedBlockLUT.apply_many_packed,2.3447919375,0.426477072019,Naive.apply_many,9.51443697218,raw lightweight benchmark result; not a paper conclusion
cache_aware,synthetic_511_r32,preset=lightweight;block_width=12;batch_size=1;density=0.005,SparseXor.apply_many,8.76665581018,0.114068582325,Naive.apply_many,3.46388243366,raw lightweight benchmark result; not a paper conclusion
cache_aware,synthetic_511_r32,preset=lightweight;block_width=12;batch_size=1;density=0.05,SparseXor.apply_many,12.8333340399,0.0779220736319,Naive.apply_many,3.52467475526,raw lightweight benchmark result; not a paper conclusion
cache_aware,synthetic_511_r32,preset=lightweight;block_width=12;batch_size=1;density=0.5,SparseXor.apply_many,20.5333344638,0.04870129602,Naive.apply_many,1.55194749972,raw lightweight benchmark result; not a paper conclusion
cache_aware,synthetic_511_r32,preset=lightweight;block_width=12;batch_size=4096;density=0.005,PackedBlockLUT.apply_many_packed,0.955281578285,1.0468117702,Naive.apply_many,23.4801720142,raw lightweight benchmark result; not a paper conclusion
cache_aware,synthetic_511_r32,preset=lightweight;block_width=12;batch_size=4096;density=0.05,PackedBlockLUT.apply_many_packed,0.910823568271,1.0979074706,Naive.apply_many,24.0575757976,raw lightweight benchmark result; not a paper conclusion
cache_aware,synthetic_511_r32,preset=lightweight;block_width=12;batch_size=4096;density=0.5,PackedBlockLUT.apply_many_packed,1.00015462105,0.999845402856,Naive.apply_many,22.7523495176,raw lightweight benchmark result; not a paper conclusion
cache_aware,synthetic_511_r32,preset=lightweight;block_width=12;batch_size=64;density=0.005,PackedBlockLUT.apply_many_packed,1.87343751653,0.533778143748,Naive.apply_many,11.7139282015,raw lightweight benchmark result; not a paper conclusion
cache_aware,synthetic_511_r32,preset=lightweight;block_width=12;batch_size=64;density=0.05,PackedBlockLUT.apply_many_packed,2.23958340939,0.446511612743,Naive.apply_many,9.97162755653,raw lightweight benchmark result; not a paper conclusion
cache_aware,synthetic_511_r32,preset=lightweight;block_width=12;batch_size=64;density=0.5,PackedBlockLUT.apply_many_packed,2.21822938329,0.450810005283,Naive.apply_many,10.0572895077,raw lightweight benchmark result; not a paper conclusion
cache_aware,synthetic_511_r32,preset=lightweight;block_width=14;batch_size=1;density=0.005,SparseXor.apply_many,8.76665581018,0.114068582325,Naive.apply_many,3.46388243366,raw lightweight benchmark result; not a paper conclusion
cache_aware,synthetic_511_r32,preset=lightweight;block_width=14;batch_size=1;density=0.05,SparseXor.apply_many,12.8333340399,0.0779220736319,Naive.apply_many,3.52467475526,raw lightweight benchmark result; not a paper conclusion
cache_aware,synthetic_511_r32,preset=lightweight;block_width=14;batch_size=1;density=0.5,SparseXor.apply_many,20.5333344638,0.04870129602,Naive.apply_many,1.55194749972,raw lightweight benchmark result; not a paper conclusion
cache_aware,synthetic_511_r32,preset=lightweight;block_width=14;batch_size=4096;density=0.005,PackedBlockLUT.apply_many_packed,0.83767904376,1.19377464131,Naive.apply_many,26.7765750465,raw lightweight benchmark result; not a paper conclusion
cache_aware,synthetic_511_r32,preset=lightweight;block_width=14;batch_size=4096;density=0.05,PackedBlockLUT.apply_many_packed,0.904361977897,1.10575192726,Naive.apply_many,24.2294651561,raw lightweight benchmark result; not a paper conclusion
cache_aware,synthetic_511_r32,preset=lightweight;block_width=14;batch_size=4096;density=0.5,PackedBlockLUT.apply_many_packed,0.8894205763,1.12432748538,Naive.apply_many,25.5850472949,raw lightweight benchmark result; not a paper conclusion
cache_aware,synthetic_511_r32,preset=lightweight;block_width=14;batch_size=64;density=0.005,PackedBlockLUT.apply_many_packed,2.33541656295,0.428189135876,Naive.apply_many,9.39674442098,raw lightweight benchmark result; not a paper conclusion
cache_aware,synthetic_511_r32,preset=lightweight;block_width=14;batch_size=64;density=0.05,PackedBlockLUT.apply_many_packed,1.74062491472,0.574506311809,Naive.apply_many,12.8300425045,raw lightweight benchmark result; not a paper conclusion
cache_aware,synthetic_511_r32,preset=lightweight;block_width=14;batch_size=64;density=0.5,PackedBlockLUT.apply_many_packed,2.0479167991,0.488301087445,Naive.apply_many,10.8936921226,raw lightweight benchmark result; not a paper conclusion
cache_aware,synthetic_511_r32,preset=lightweight;block_width=16;batch_size=1;density=0.005,SparseXor.apply_many,8.76665581018,0.114068582325,Naive.apply_many,3.46388243366,raw lightweight benchmark result; not a paper conclusion
cache_aware,synthetic_511_r32,preset=lightweight;block_width=16;batch_size=1;density=0.05,SparseXor.apply_many,12.8333340399,0.0779220736319,Naive.apply_many,3.52467475526,raw lightweight benchmark result; not a paper conclusion
cache_aware,synthetic_511_r32,preset=lightweight;block_width=16;batch_size=1;density=0.5,SparseXor.apply_many,20.5333344638,0.04870129602,Naive.apply_many,1.55194749972,raw lightweight benchmark result; not a paper conclusion
cache_aware,synthetic_511_r32,preset=lightweight;block_width=16;batch_size=4096;density=0.005,PackedBlockLUT.apply_many_packed,0.899593104009,1.11161367906,Naive.apply_many,24.9336902208,raw lightweight benchmark result; not a paper conclusion
cache_aware,synthetic_511_r32,preset=lightweight;block_width=16;batch_size=4096;density=0.05,PackedBlockLUT.apply_many_packed,0.929614254612,1.07571500226,Naive.apply_many,23.5712898369,raw lightweight benchmark result; not a paper conclusion
cache_aware,synthetic_511_r32,preset=lightweight;block_width=16;batch_size=4096;density=0.5,PackedBlockLUT.apply_many_packed,1.02740885192,0.973322351789,Naive.apply_many,22.1487944816,raw lightweight benchmark result; not a paper conclusion
cache_aware,synthetic_511_r32,preset=lightweight;block_width=16;batch_size=64;density=0.005,PackedBlockLUT.apply_many_packed,1.78749996849,0.559440569303,Naive.apply_many,12.2770981513,raw lightweight benchmark result; not a paper conclusion
cache_aware,synthetic_511_r32,preset=lightweight;block_width=16;batch_size=64;density=0.05,PackedBlockLUT.apply_many_packed,1.42343772798,0.702524585615,Naive.apply_many,15.6889839304,raw lightweight benchmark result; not a paper conclusion
cache_aware,synthetic_511_r32,preset=lightweight;block_width=16;batch_size=64;density=0.5,PackedBlockLUT.apply_many_packed,1.6416664342,0.609137142094,Naive.apply_many,13.5894689917,raw lightweight benchmark result; not a paper conclusion
cache_aware,synthetic_511_r32,preset=lightweight;block_width=18;batch_size=1;density=0.005,SparseXor.apply_many,8.76665581018,0.114068582325,Naive.apply_many,3.46388243366,raw lightweight benchmark result; not a paper conclusion
cache_aware,synthetic_511_r32,preset=lightweight;block_width=18;batch_size=1;density=0.05,SparseXor.apply_many,12.8333340399,0.0779220736319,Naive.apply_many,3.52467475526,raw lightweight benchmark result; not a paper conclusion
cache_aware,synthetic_511_r32,preset=lightweight;block_width=18;batch_size=1;density=0.5,SparseXor.apply_many,20.5333344638,0.04870129602,Naive.apply_many,1.55194749972,raw lightweight benchmark result; not a paper conclusion
cache_aware,synthetic_511_r32,preset=lightweight;block_width=18;batch_size=4096;density=0.005,PackedBlockLUT.apply_many_packed,0.929361978782,1.0760070057,Naive.apply_many,24.1350262785,raw lightweight benchmark result; not a paper conclusion
cache_aware,synthetic_511_r32,preset=lightweight;block_width=18;batch_size=4096;density=0.05,PackedBlockLUT.apply_many_packed,0.92316894514,1.08322534598,Naive.apply_many,23.7358580434,raw lightweight benchmark result; not a paper conclusion
cache_aware,synthetic_511_r32,preset=lightweight;block_width=18;batch_size=4096;density=0.5,PackedBlockLUT.apply_many_packed,1.16397297726,0.859126474183,Naive.apply_many,19.5501682206,raw lightweight benchmark result; not a paper conclusion
cache_aware,synthetic_511_r32,preset=lightweight;block_width=18;batch_size=64;density=0.005,PackedBlockLUT.apply_many_packed,1.59062498521,0.628683699363,Naive.apply_many,13.796660283,raw lightweight benchmark result; not a paper conclusion
cache_aware,synthetic_511_r32,preset=lightweight;block_width=18;batch_size=64;density=0.05,PackedBlockLUT.apply_many_packed,1.55625002662,0.642570270131,Naive.apply_many,14.3500666719,raw lightweight benchmark result; not a paper conclusion
cache_aware,synthetic_511_r32,preset=lightweight;block_width=18;batch_size=64;density=0.5,PackedBlockLUT.apply_many_packed,1.67291667215,0.597758404017,Naive.apply_many,13.3356164557,raw lightweight benchmark result; not a paper conclusion
cache_aware,synthetic_511_r32,preset=lightweight;block_width=20;batch_size=1;density=0.005,SparseXor.apply_many,8.76665581018,0.114068582325,Naive.apply_many,3.46388243366,raw lightweight benchmark result; not a paper conclusion
cache_aware,synthetic_511_r32,preset=lightweight;block_width=20;batch_size=1;density=0.05,SparseXor.apply_many,12.8333340399,0.0779220736319,Naive.apply_many,3.52467475526,raw lightweight benchmark result; not a paper conclusion
cache_aware,synthetic_511_r32,preset=lightweight;block_width=20;batch_size=1;density=0.5,SparseXor.apply_many,20.5333344638,0.04870129602,Naive.apply_many,1.55194749972,raw lightweight benchmark result; not a paper conclusion
cache_aware,synthetic_511_r32,preset=lightweight;block_width=20;batch_size=4096;density=0.005,PackedBlockLUT.apply_many_packed,0.873868813756,1.14433652312,Naive.apply_many,25.6676693653,raw lightweight benchmark result; not a paper conclusion
cache_aware,synthetic_511_r32,preset=lightweight;block_width=20;batch_size=4096;density=0.05,PackedBlockLUT.apply_many_packed,0.949796548374,1.0528570584,Naive.apply_many,23.0704218387,raw lightweight benchmark result; not a paper conclusion
cache_aware,synthetic_511_r32,preset=lightweight;block_width=20;batch_size=4096;density=0.5,PackedBlockLUT.apply_many_packed,1.16296386921,0.859871941407,Naive.apply_many,19.567131974,raw lightweight benchmark result; not a paper conclusion
cache_aware,synthetic_511_r32,preset=lightweight;block_width=20;batch_size=64;density=0.005,PackedBlockLUT.apply_many_packed,2.80729151806,0.356215232214,Naive.apply_many,7.81725460907,raw lightweight benchmark result; not a paper conclusion
cache_aware,synthetic_511_r32,preset=lightweight;block_width=20;batch_size=64;density=0.05,PackedBlockLUT.apply_many_packed,1.67708337055,0.596273278694,Naive.apply_many,13.3161487571,raw lightweight benchmark result; not a paper conclusion
cache_aware,synthetic_511_r32,preset=lightweight;block_width=20;batch_size=64;density=0.5,PackedBlockLUT.apply_many_packed,1.72083340052,0.581113778765,Naive.apply_many,12.9642852676,raw lightweight benchmark result; not a paper conclusion
cache_aware,synthetic_511_r32,preset=lightweight;block_width=4;batch_size=1;density=0.005,SparseXor.apply_many,8.76665581018,0.114068582325,Naive.apply_many,3.46388243366,raw lightweight benchmark result; not a paper conclusion
cache_aware,synthetic_511_r32,preset=lightweight;block_width=4;batch_size=1;density=0.05,SparseXor.apply_many,12.8333340399,0.0779220736319,Naive.apply_many,3.52467475526,raw lightweight benchmark result; not a paper conclusion
cache_aware,synthetic_511_r32,preset=lightweight;block_width=4;batch_size=1;density=0.5,SparseXor.apply_many,20.5333344638,0.04870129602,Naive.apply_many,1.55194749972,raw lightweight benchmark result; not a paper conclusion
cache_aware,synthetic_511_r32,preset=lightweight;block_width=4;batch_size=4096;density=0.005,PackedBlockLUT.apply_many_packed,1.16909179818,0.855364823834,Naive.apply_many,19.1859833548,raw lightweight benchmark result; not a paper conclusion
cache_aware,synthetic_511_r32,preset=lightweight;block_width=4;batch_size=4096;density=0.05,PackedBlockLUT.apply_many_packed,1.27480468374,0.784433892308,Naive.apply_many,17.1886778511,raw lightweight benchmark result; not a paper conclusion
cache_aware,synthetic_511_r32,preset=lightweight;block_width=4;batch_size=4096;density=0.5,PackedBlockLUT.apply_many_packed,1.36442871224,0.732907473313,Naive.apply_many,16.6779453596,raw lightweight benchmark result; not a paper conclusion
cache_aware,synthetic_511_r32,preset=lightweight;block_width=4;batch_size=64;density=0.005,PackedBlockLUT.apply_many_packed,4.36302070739,0.229199003871,Naive.apply_many,5.02984377805,raw lightweight benchmark result; not a paper conclusion
cache_aware,synthetic_511_r32,preset=lightweight;block_width=4;batch_size=64;density=0.05,PackedBlockLUT.apply_many_packed,4.16041681698,0.240360532127,Naive.apply_many,5.36780150226,raw lightweight benchmark result; not a paper conclusion
cache_aware,synthetic_511_r32,preset=lightweight;block_width=4;batch_size=64;density=0.5,PackedBlockLUT.apply_many_packed,4.63385398083,0.215803088345,Naive.apply_many,4.8144320461,raw lightweight benchmark result; not a paper conclusion
cache_aware,synthetic_511_r32,preset=lightweight;block_width=6;batch_size=1;density=0.005,SparseXor.apply_many,8.76665581018,0.114068582325,Naive.apply_many,3.46388243366,raw lightweight benchmark result; not a paper conclusion
cache_aware,synthetic_511_r32,preset=lightweight;block_width=6;batch_size=1;density=0.05,SparseXor.apply_many,12.8333340399,0.0779220736319,Naive.apply_many,3.52467475526,raw lightweight benchmark result; not a paper conclusion
cache_aware,synthetic_511_r32,preset=lightweight;block_width=6;batch_size=1;density=0.5,SparseXor.apply_many,20.5333344638,0.04870129602,Naive.apply_many,1.55194749972,raw lightweight benchmark result; not a paper conclusion
cache_aware,synthetic_511_r32,preset=lightweight;block_width=6;batch_size=4096;density=0.005,PackedBlockLUT.apply_many_packed,1.04735514128,0.954785975248,Naive.apply_many,21.4160172572,raw lightweight benchmark result; not a paper conclusion
cache_aware,synthetic_511_r32,preset=lightweight;block_width=6;batch_size=4096;density=0.05,PackedBlockLUT.apply_many_packed,1.03404948012,0.967071711005,Naive.apply_many,21.1906755463,raw lightweight benchmark result; not a paper conclusion
cache_aware,synthetic_511_r32,preset=lightweight;block_width=6;batch_size=4096;density=0.5,PackedBlockLUT.apply_many_packed,1.12679036116,0.887476530209,Naive.apply_many,20.1952983394,raw lightweight benchmark result; not a paper conclusion
cache_aware,synthetic_511_r32,preset=lightweight;block_width=6;batch_size=64;density=0.005,PackedBlockLUT.apply_many_packed,2.97187519512,0.336487885374,Naive.apply_many,7.3843318167,raw lightweight benchmark result; not a paper conclusion
cache_aware,synthetic_511_r32,preset=lightweight;block_width=6;batch_size=64;density=0.05,PackedBlockLUT.apply_many_packed,4.2838543474,0.233434640607,Naive.apply_many,5.21313047298,raw lightweight benchmark result; not a paper conclusion
cache_aware,synthetic_511_r32,preset=lightweight;block_width=6;batch_size=64;density=0.5,PackedBlockLUT.apply_many_packed,3.64270817954,0.274521029606,Naive.apply_many,6.12439262292,raw lightweight benchmark result; not a paper conclusion
cache_aware,synthetic_511_r32,preset=lightweight;block_width=8;batch_size=1;density=0.005,SparseXor.apply_many,8.76665581018,0.114068582325,Naive.apply_many,3.46388243366,raw lightweight benchmark result; not a paper conclusion
cache_aware,synthetic_511_r32,preset=lightweight;block_width=8;batch_size=1;density=0.05,SparseXor.apply_many,12.8333340399,0.0779220736319,Naive.apply_many,3.52467475526,raw lightweight benchmark result; not a paper conclusion
cache_aware,synthetic_511_r32,preset=lightweight;block_width=8;batch_size=1;density=0.5,SparseXor.apply_many,20.5333344638,0.04870129602,Naive.apply_many,1.55194749972,raw lightweight benchmark result; not a paper conclusion
cache_aware,synthetic_511_r32,preset=lightweight;block_width=8;batch_size=4096;density=0.005,PackedBlockLUT.apply_many_packed,0.865820311446,1.15497405961,Naive.apply_many,25.9062711785,raw lightweight benchmark result; not a paper conclusion
cache_aware,synthetic_511_r32,preset=lightweight;block_width=8;batch_size=4096;density=0.05,PackedBlockLUT.apply_many_packed,0.938313798808,1.06574154752,Naive.apply_many,23.3527494318,raw lightweight benchmark result; not a paper conclusion
cache_aware,synthetic_511_r32,preset=lightweight;block_width=8;batch_size=4096;density=0.5,PackedBlockLUT.apply_many_packed,0.971427406663,1.029412999,Naive.apply_many,23.4251858179,raw lightweight benchmark result; not a paper conclusion
cache_aware,synthetic_511_r32,preset=lightweight;block_width=8;batch_size=64;density=0.005,PackedBlockLUT.apply_many_packed,2.28958348695,0.436760662234,Naive.apply_many,9.58484924601,raw lightweight benchmark result; not a paper conclusion
cache_aware,synthetic_511_r32,preset=lightweight;block_width=8;batch_size=64;density=0.05,PackedBlockLUT.apply_many_packed,2.60677097685,0.383616362496,Naive.apply_many,8.56703248522,raw lightweight benchmark result; not a paper conclusion
cache_aware,synthetic_511_r32,preset=lightweight;block_width=8;batch_size=64;density=0.5,PackedBlockLUT.apply_many_packed,2.81822910135,0.35483275633,Naive.apply_many,7.91609705953,raw lightweight benchmark result; not a paper conclusion
code_profile_scaling,bch_255_239_r16,preset=lightweight;batch_size=1;density=0.05;block_width=8,PackedBatch.apply_many,11.0333203338,0.0906345478737,Naive.apply_many,1.03021526309,raw lightweight benchmark result; not a paper conclusion
code_profile_scaling,bch_255_239_r16,preset=lightweight;batch_size=4096;density=0.05;block_width=8,PackedBlockLUT.apply_many_packed,0.46201171718,2.16444727009,Naive.apply_many,12.2683717674,raw lightweight benchmark result; not a paper conclusion
code_profile_scaling,bch_255_239_r16,preset=lightweight;batch_size=64;density=0.05;block_width=8,PackedBlockLUT.apply_many_packed,1.21145846303,0.825451330375,Naive.apply_many,4.24161607072,raw lightweight benchmark result; not a paper conclusion
code_profile_scaling,ebch_256_239_r17,preset=lightweight;batch_size=1;density=0.05;block_width=8,Naive.apply_many,14.1999917105,0.0704225763218,Naive.apply_many,1,raw lightweight benchmark result; not a paper conclusion
code_profile_scaling,ebch_256_239_r17,preset=lightweight;batch_size=4096;density=0.05;block_width=8,PackedBlockLUT.apply_many_packed,0.486678061407,2.05474641103,Naive.apply_many,12.7050816398,raw lightweight benchmark result; not a paper conclusion
code_profile_scaling,ebch_256_239_r17,preset=lightweight;batch_size=64;density=0.05;block_width=8,PackedBlockLUT.apply_many_packed,1.30885412849,0.764027081579,Naive.apply_many,5.42379625604,raw lightweight benchmark result; not a paper conclusion
code_profile_scaling,synthetic_511_r32,preset=lightweight;batch_size=1;density=0.05;block_width=8,SparseXor.apply_many,15.8000038937,0.0632911236434,Naive.apply_many,3.25527368646,raw lightweight benchmark result; not a paper conclusion
code_profile_scaling,synthetic_511_r32,preset=lightweight;batch_size=4096;density=0.05;block_width=8,PackedBlockLUT.apply_many_packed,0.928824870054,1.07662922499,Naive.apply_many,24.3352287585,raw lightweight benchmark result; not a paper conclusion
code_profile_scaling,synthetic_511_r32,preset=lightweight;batch_size=64;density=0.05;block_width=8,PackedBlockLUT.apply_many_packed,2.70572915421,0.369586142221,Naive.apply_many,9.5185755829,raw lightweight benchmark result; not a paper conclusion
code_profile_scaling,synthetic_bch_like_127_r14,preset=lightweight;batch_size=1;density=0.05;block_width=8,PackedBatch.apply_many,6.93332791949,0.144230881852,Naive.apply_many,1.44230860718,raw lightweight benchmark result; not a paper conclusion
code_profile_scaling,synthetic_bch_like_127_r14,preset=lightweight;batch_size=4096;density=0.05;block_width=8,PackedBlockLUT.apply_many_packed,0.223258467713,4.4791134251,Naive.apply_many,10.7549753928,raw lightweight benchmark result; not a paper conclusion
code_profile_scaling,synthetic_bch_like_127_r14,preset=lightweight;batch_size=64;density=0.05;block_width=8,PackedBlockLUT.apply_many_packed,0.588021066505,1.70061934336,Naive.apply_many,4.37998038779,raw lightweight benchmark result; not a paper conclusion
candidate_testing,bch_255_239_r16,preset=lightweight;target_mode=known_hit;pattern_type=chase_ii_all;candidate_count=8;block_width=8,Naive.apply_many,6.30000189024,0.158730111105,Naive.apply_many,1,raw lightweight benchmark result; not a paper conclusion
candidate_testing,bch_255_239_r16,preset=lightweight;target_mode=known_hit;pattern_type=chase_ii_all;candidate_count=32;block_width=8,HybridPlanner.apply_many_packed,2.11666641311,0.472441001477,Naive.apply_many,2.56003940476,raw lightweight benchmark result; not a paper conclusion
candidate_testing,bch_255_239_r16,preset=lightweight;target_mode=known_hit;pattern_type=fixed_weight;candidate_count=256;block_width=8,PackedBlockLUT.apply_many_packed,0.600260439872,1.66594353646,Naive.apply_many,8.41561783452,raw lightweight benchmark result; not a paper conclusion
candidate_testing,bch_255_239_r16,preset=lightweight;target_mode=known_hit;pattern_type=fixed_weight;candidate_count=4096;block_width=8,HybridPlanner.apply_many_packed,0.506168618131,1.97562623241,Naive.apply_many,11.516945918,raw lightweight benchmark result; not a paper conclusion
candidate_testing,ebch_256_239_r17,preset=lightweight;target_mode=known_hit;pattern_type=chase_ii_all;candidate_count=8;block_width=8,SparseXor.apply_many,6.41666701995,0.155844147264,Naive.apply_many,1.01298673319,raw lightweight benchmark result; not a paper conclusion
candidate_testing,ebch_256_239_r17,preset=lightweight;target_mode=known_hit;pattern_type=chase_ii_all;candidate_count=32;block_width=8,PackedBlockLUT.apply_many_packed,2.01041681673,0.497409289298,Naive.apply_many,2.81295316395,raw lightweight benchmark result; not a paper conclusion
candidate_testing,ebch_256_239_r17,preset=lightweight;target_mode=known_hit;pattern_type=fixed_weight;candidate_count=256;block_width=8,PackedBlockLUT.apply_many_packed,0.550520780962,1.81646185681,Naive.apply_many,10.2419594121,raw lightweight benchmark result; not a paper conclusion
candidate_testing,ebch_256_239_r17,preset=lightweight;target_mode=known_hit;pattern_type=fixed_weight;candidate_count=4096;block_width=8,PackedBlockLUT.apply_many_packed,0.479166663088,2.08695653732,Naive.apply_many,12.5246774138,raw lightweight benchmark result; not a paper conclusion
candidate_testing,synthetic_511_r32,preset=lightweight;target_mode=known_hit;pattern_type=chase_ii_all;candidate_count=8;block_width=8,SparseXor.apply_many,8.0333314448,0.124481357065,Naive.apply_many,3.27541559012,raw lightweight benchmark result; not a paper conclusion
candidate_testing,synthetic_511_r32,preset=lightweight;target_mode=known_hit;pattern_type=chase_ii_all;candidate_count=32;block_width=8,PackedBlockLUT.apply_many_packed,3.93854134018,0.253901105417,Naive.apply_many,5.42898741754,raw lightweight benchmark result; not a paper conclusion
candidate_testing,synthetic_511_r32,preset=lightweight;target_mode=known_hit;pattern_type=fixed_weight;candidate_count=256;block_width=8,PackedBlockLUT.apply_many_packed,1.18098963261,0.846747483967,Naive.apply_many,18.5002197387,raw lightweight benchmark result; not a paper conclusion
candidate_testing,synthetic_511_r32,preset=lightweight;target_mode=known_hit;pattern_type=fixed_weight;candidate_count=4096;block_width=8,PackedBlockLUT.apply_many_packed,1.01310222078,0.987067227262,Naive.apply_many,21.8154147416,raw lightweight benchmark result; not a paper conclusion
component_decoder_exactness,bch_255_239_r16,preset=lightweight;test_case=all_single_bit_errors;num_words=255,PackedBlockLUTKernel.apply_many_packed,3.61542482221,0.276592668683,NaiveGF2Kernel.apply_many,2.18533516715,raw lightweight benchmark result; not a paper conclusion
component_decoder_exactness,bch_255_239_r16,preset=lightweight;test_case=all_zero;num_words=1,PackedBatchGF2Kernel.apply_many,42.6333281212,0.0234558277308,NaiveGF2Kernel.apply_many,1.08131415529,raw lightweight benchmark result; not a paper conclusion
component_decoder_exactness,bch_255_239_r16,preset=lightweight;test_case=random_error_batch;num_words=1024,PackedBlockLUTKernel.apply_many_packed,2.66891275184,0.374684410088,NaiveGF2Kernel.apply_many,3.19046459133,raw lightweight benchmark result; not a paper conclusion
component_decoder_exactness,bch_255_239_r16,preset=lightweight;test_case=random_received_batch;num_words=1024,PackedBlockLUTKernel.apply_many_packed,2.53082682396,0.395127786118,NaiveGF2Kernel.apply_many,3.1817176211,raw lightweight benchmark result; not a paper conclusion
component_decoder_exactness,bch_255_239_r16,preset=lightweight;test_case=sampled_double_bit_errors;num_words=4096,PackedBlockLUTKernel.apply_many_packed,3.46740722534,0.288399929691,NaiveGF2Kernel.apply_many,2.64006806278,raw lightweight benchmark result; not a paper conclusion
component_decoder_exactness,bch_255_239_r16,preset=lightweight;test_case=sampled_triple_bit_errors;num_words=1024,PackedBlockLUTKernel.apply_many_packed,2.67141926239,0.374332855227,NaiveGF2Kernel.apply_many,2.99448006024,raw lightweight benchmark result; not a paper conclusion
optical_workloads,bch_255_239_r16,preset=lightweight;workload_type=ofec_like;num_blocks=32;window_len=4;steps=1,PackedBlockLUT.apply_many_packed,0.855833362342,1.16845176176,Naive.apply_many,5.89885569099,raw lightweight benchmark result; not a paper conclusion
optical_workloads,bch_255_239_r16,preset=lightweight;workload_type=ofec_like;num_blocks=32;window_len=4;steps=3,PackedBlockLUT.apply_many_packed,0.854374997693,1.17044623579,Naive.apply_many,6.23835651618,raw lightweight benchmark result; not a paper conclusion
optical_workloads,bch_255_239_r16,preset=lightweight;workload_type=ofec_like;num_blocks=32;window_len=8;steps=1,PackedBlockLUT.apply_many_packed,0.862812521518,1.15900033328,Naive.apply_many,6.32017367991,raw lightweight benchmark result; not a paper conclusion
optical_workloads,bch_255_239_r16,preset=lightweight;workload_type=ofec_like;num_blocks=32;window_len=8;steps=3,PackedBlockLUT.apply_many_packed,1.15215279948,0.867940433295,Naive.apply_many,4.55560233991,raw lightweight benchmark result; not a paper conclusion
optical_workloads,bch_255_239_r16,preset=lightweight;workload_type=ofec_like;num_blocks=8;window_len=4;steps=1,PackedBlockLUT.apply_many_packed,0.984068630679,1.01618928683,Naive.apply_many,5.61394765732,raw lightweight benchmark result; not a paper conclusion
optical_workloads,bch_255_239_r16,preset=lightweight;workload_type=ofec_like;num_blocks=8;window_len=4;steps=3,PackedBlockLUT.apply_many_packed,1.01000818046,0.990090990696,Naive.apply_many,5.29953483075,raw lightweight benchmark result; not a paper conclusion
optical_workloads,bch_255_239_r16,preset=lightweight;workload_type=ofec_like;num_blocks=8;window_len=8;steps=1,PackedBlockLUT.apply_many_packed,0.986764658306,1.01341286555,Naive.apply_many,5.46497788297,raw lightweight benchmark result; not a paper conclusion
optical_workloads,bch_255_239_r16,preset=lightweight;workload_type=ofec_like;num_blocks=8;window_len=8;steps=3,PackedBlockLUT.apply_many_packed,1.07847223096,0.927237597127,Naive.apply_many,4.97412972537,raw lightweight benchmark result; not a paper conclusion
optical_workloads,ebch_256_239_r17,preset=lightweight;workload_type=ofec_like;num_blocks=32;window_len=4;steps=1,PackedBlockLUT.apply_many_packed,0.900312503897,1.11072543775,Naive.apply_many,6.33518453404,raw lightweight benchmark result; not a paper conclusion
optical_workloads,ebch_256_239_r17,preset=lightweight;workload_type=ofec_like;num_blocks=32;window_len=4;steps=3,PackedBlockLUT.apply_many_packed,1.04309027746,0.95868979091,Naive.apply_many,5.54991511827,raw lightweight benchmark result; not a paper conclusion
optical_workloads,ebch_256_239_r17,preset=lightweight;workload_type=ofec_like;num_blocks=32;window_len=8;steps=1,PackedBlockLUT.apply_many_packed,0.975416636114,1.02520293685,Naive.apply_many,5.79261015057,raw lightweight benchmark result; not a paper conclusion
optical_workloads,ebch_256_239_r17,preset=lightweight;workload_type=ofec_like;num_blocks=32;window_len=8;steps=3,PackedBlockLUT.apply_many_packed,1.12899304238,0.885745051085,Naive.apply_many,4.89014308612,raw lightweight benchmark result; not a paper conclusion
optical_workloads,ebch_256_239_r17,preset=lightweight;workload_type=ofec_like;num_blocks=8;window_len=4;steps=1,PackedBlockLUT.apply_many_packed,0.948897079569,1.05385507188,Naive.apply_many,5.91347010041,raw lightweight benchmark result; not a paper conclusion
optical_workloads,ebch_256_239_r17,preset=lightweight;workload_type=ofec_like;num_blocks=8;window_len=4;steps=3,PackedBlockLUT.apply_many_packed,0.944689531191,1.05854883216,Naive.apply_many,6.0046268874,raw lightweight benchmark result; not a paper conclusion
optical_workloads,ebch_256_239_r17,preset=lightweight;workload_type=ofec_like;num_blocks=8;window_len=8;steps=1,PackedBlockLUT.apply_many_packed,1.10159317938,0.907776136164,Naive.apply_many,5.40671910256,raw lightweight benchmark result; not a paper conclusion
optical_workloads,ebch_256_239_r17,preset=lightweight;workload_type=ofec_like;num_blocks=8;window_len=8;steps=3,PackedBlockLUT.apply_many_packed,1.17475490673,0.851241390242,Naive.apply_many,4.75043464473,raw lightweight benchmark result; not a paper conclusion
optical_workloads,bch_255_239_r16,preset=lightweight;workload_type=product_like;num_blocks=32;window_len=4;steps=1,PackedBlockLUT.apply_many_packed,2.29062485838,0.43656210066,Naive.apply_many,2.92337446693,raw lightweight benchmark result; not a paper conclusion
optical_workloads,bch_255_239_r16,preset=lightweight;workload_type=product_like;num_blocks=32;window_len=4;steps=3,PackedBlockLUT.apply_many_packed,2.243055557,0.44582043315,Naive.apply_many,2.56842105548,raw lightweight benchmark result; not a paper conclusion
optical_workloads,bch_255_239_r16,preset=lightweight;workload_type=product_like;num_blocks=32;window_len=8;steps=1,PackedBlockLUT.apply_many_packed,2.26406276245,0.441683868744,Naive.apply_many,3.01219200626,raw lightweight benchmark result; not a paper conclusion
optical_workloads,bch_255_239_r16,preset=lightweight;workload_type=product_like;num_blocks=32;window_len=8;steps=3,PackedBlockLUT.apply_many_packed,2.16510418088,0.461871538946,Naive.apply_many,2.82399162848,raw lightweight benchmark result; not a paper conclusion
optical_workloads,bch_255_239_r16,preset=lightweight;workload_type=product_like;num_blocks=8;window_len=4;steps=1,Naive+EventUpdate.integrated,6.50416647356,0.153747602259,Naive.apply_many,1.0666240954,raw lightweight benchmark result; not a paper conclusion
optical_workloads,bch_255_239_r16,preset=lightweight;workload_type=product_like;num_blocks=8;window_len=4;steps=3,PackedBatch.apply_many,6.31944446165,0.158241757811,Naive.apply_many,1.09527468291,raw lightweight benchmark result; not a paper conclusion
optical_workloads,bch_255_239_r16,preset=lightweight;workload_type=product_like;num_blocks=8;window_len=8;steps=1,Naive+EventUpdate.integrated,5.53124967458,0.180790971088,Naive.apply_many,1.04482099773,raw lightweight benchmark result; not a paper conclusion
optical_workloads,bch_255_239_r16,preset=lightweight;workload_type=product_like;num_blocks=8;window_len=8;steps=3,Naive+EventUpdate.integrated,6.18402757229,0.161706911606,Naive.apply_many,1.13138688565,raw lightweight benchmark result; not a paper conclusion
optical_workloads,ebch_256_239_r17,preset=lightweight;workload_type=product_like;num_blocks=32;window_len=4;steps=1,PackedBlockLUT.apply_many_packed,2.10104190046,0.475954334743,Naive.apply_many,3.11477398,raw lightweight benchmark result; not a paper conclusion
optical_workloads,ebch_256_239_r17,preset=lightweight;workload_type=product_like;num_blocks=32;window_len=4;steps=3,PackedBlockLUT.apply_many_packed,2.29774296814,0.435209687883,Naive.apply_many,2.58020409054,raw lightweight benchmark result; not a paper conclusion
optical_workloads,ebch_256_239_r17,preset=lightweight;workload_type=product_like;num_blocks=32;window_len=8;steps=1,PackedBlockLUT.apply_many_packed,2.16562511923,0.461760436337,Naive.apply_many,3.0949973332,raw lightweight benchmark result; not a paper conclusion
optical_workloads,ebch_256_239_r17,preset=lightweight;workload_type=product_like;num_blocks=32;window_len=8;steps=3,PackedBlockLUT.apply_many_packed,2.00625011833,0.498442338202,Naive.apply_many,3.08177551287,raw lightweight benchmark result; not a paper conclusion
optical_workloads,ebch_256_239_r17,preset=lightweight;workload_type=product_like;num_blocks=8;window_len=4;steps=1,PackedBatch.apply_many,5.90833345389,0.169252464812,Naive.apply_many,1.10014118847,raw lightweight benchmark result; not a paper conclusion
optical_workloads,ebch_256_239_r17,preset=lightweight;workload_type=product_like;num_blocks=8;window_len=4;steps=3,Naive.apply_many,6.81458348279,0.146744111731,Naive.apply_many,1,raw lightweight benchmark result; not a paper conclusion
optical_workloads,ebch_256_239_r17,preset=lightweight;workload_type=product_like;num_blocks=8;window_len=8;steps=1,Naive+EventUpdate.integrated,6.59999932395,0.151515167035,Naive.apply_many,1.04987393851,raw lightweight benchmark result; not a paper conclusion
optical_workloads,ebch_256_239_r17,preset=lightweight;workload_type=product_like;num_blocks=8;window_len=8;steps=3,PackedBatch.apply_many,6.54166716332,0.152866230432,Naive.apply_many,1.09108268589,raw lightweight benchmark result; not a paper conclusion
optical_workloads,ebch_256_239_r17,preset=lightweight;workload_type=staircase_like;num_blocks=32;window_len=4;steps=1,PackedBlockLUT.apply_many_packed,1.21197914874,0.82509670322,Naive.apply_many,5.26106599065,raw lightweight benchmark result; not a paper conclusion
optical_workloads,ebch_256_239_r17,preset=lightweight;workload_type=staircase_like;num_blocks=32;window_len=4;steps=3,PackedBlockLUT.apply_many_packed,1.15104163948,0.86877830106,Naive.apply_many,4.68582216743,raw lightweight benchmark result; not a paper conclusion
optical_workloads,ebch_256_239_r17,preset=lightweight;workload_type=staircase_like;num_blocks=32;window_len=8;steps=1,PackedBlockLUT.apply_many_packed,1.17239581717,0.852954254319,Naive.apply_many,4.61372738877,raw lightweight benchmark result; not a paper conclusion
optical_workloads,ebch_256_239_r17,preset=lightweight;workload_type=staircase_like;num_blocks=32;window_len=8;steps=3,PackedBlockLUT.apply_many_packed,1.39262152111,0.71807018981,Naive.apply_many,3.99700805438,raw lightweight benchmark result; not a paper conclusion
optical_workloads,ebch_256_239_r17,preset=lightweight;workload_type=staircase_like;num_blocks=8;window_len=4;steps=1,PackedBlockLUT.apply_many_packed,1.29010444046,0.775131042601,Naive.apply_many,4.85526751608,raw lightweight benchmark result; not a paper conclusion
optical_workloads,ebch_256_239_r17,preset=lightweight;workload_type=staircase_like;num_blocks=8;window_len=4;steps=3,PackedBlockLUT.apply_many_packed,1.28958335053,0.775444254606,Naive.apply_many,4.47590192683,raw lightweight benchmark result; not a paper conclusion
optical_workloads,ebch_256_239_r17,preset=lightweight;workload_type=staircase_like;num_blocks=8;window_len=8;steps=1,PackedBlockLUT.apply_many_packed,1.41796878476,0.705234142492,Naive.apply_many,3.81744709651,raw lightweight benchmark result; not a paper conclusion
optical_workloads,ebch_256_239_r17,preset=lightweight;workload_type=staircase_like;num_blocks=8;window_len=8;steps=3,PackedBlockLUT.apply_many_packed,1.29027774973,0.775026927504,Naive.apply_many,4.54305712484,raw lightweight benchmark result; not a paper conclusion
