preset,workload_type,code_profile,task_kind,backend_or_method,num_units,unit_type,total_runtime_s,latency_per_unit_us,throughput_Munit_s,correctness_passed,notes
lightweight,product_like,bch_255_239_r16,syndrome,Naive.apply_many,16,component,0.00011003333687161405,6.877083554475878,0.1454104769963367,True,trace-level task breakdown; no BER; no full decoder
lightweight,product_like,bch_255_239_r16,syndrome,PackedBatch.apply_many,16,component,0.00011530000483617187,7.206250302260742,0.13876842436159625,True,trace-level task breakdown; no BER; no full decoder
lightweight,product_like,bch_255_239_r16,syndrome,PackedBlockLUT.apply_many_packed,16,component,0.00013373332330957055,8.35833270684816,0.1196410857371924,True,trace-level task breakdown; no BER; no full decoder
lightweight,product_like,bch_255_239_r16,syndrome,EventUpdate.integrated,16,component,0.00010909999643142025,6.818749776963766,0.14665445025983595,True,trace-level task breakdown; no BER; no full decoder
lightweight,product_like,bch_255_239_r16,syndrome,Naive.apply_many,48,component,0.00033873333207642037,7.056944418258758,0.14170438942563496,True,trace-level task breakdown; no BER; no full decoder
lightweight,product_like,bch_255_239_r16,syndrome,PackedBatch.apply_many,48,component,0.0004154333534340064,8.654861529875134,0.11554199874234469,True,trace-level task breakdown; no BER; no full decoder
lightweight,product_like,bch_255_239_r16,syndrome,PackedBlockLUT.apply_many_packed,48,component,0.0004196666607943674,8.743055433215986,0.1143764908776481,True,trace-level task breakdown; no BER; no full decoder
lightweight,product_like,bch_255_239_r16,syndrome,EventUpdate.integrated,48,component,0.00036346667911857367,7.572222481636952,0.1320616242358243,True,trace-level task breakdown; no BER; no full decoder
lightweight,product_like,bch_255_239_r16,syndrome,Naive.apply_many,16,component,0.00012166668117667238,7.604167573542024,0.1315068336315213,True,trace-level task breakdown; no BER; no full decoder
lightweight,product_like,bch_255_239_r16,syndrome,PackedBatch.apply_many,16,component,0.00013453332940116525,8.408333087572828,0.11892963677639734,True,trace-level task breakdown; no BER; no full decoder
lightweight,product_like,bch_255_239_r16,syndrome,PackedBlockLUT.apply_many_packed,16,component,0.00013239999922613302,8.274999951633314,0.1208459221564854,True,trace-level task breakdown; no BER; no full decoder
lightweight,product_like,bch_255_239_r16,syndrome,EventUpdate.integrated,16,component,0.00010689999908208847,6.681249942630529,0.14967259249191953,True,trace-level task breakdown; no BER; no full decoder
lightweight,product_like,bch_255_239_r16,syndrome,Naive.apply_many,48,component,0.00032493332400918007,6.769444250191252,0.14772261400509323,True,trace-level task breakdown; no BER; no full decoder
lightweight,product_like,bch_255_239_r16,syndrome,PackedBatch.apply_many,48,component,0.0002853333329161008,5.9444444357521,0.16822429931140884,True,trace-level task breakdown; no BER; no full decoder
lightweight,product_like,bch_255_239_r16,syndrome,PackedBlockLUT.apply_many_packed,48,component,0.00033329999617611367,6.943749920335701,0.14401440309239336,True,trace-level task breakdown; no BER; no full decoder
lightweight,product_like,bch_255_239_r16,syndrome,EventUpdate.integrated,48,component,0.00033820001408457756,7.0458336267620325,0.14192784743053288,True,trace-level task breakdown; no BER; no full decoder
lightweight,product_like,bch_255_239_r16,syndrome,Naive.apply_many,64,component,0.0003290333552286029,5.14114617544692,0.19450915532723012,True,trace-level task breakdown; no BER; no full decoder
lightweight,product_like,bch_255_239_r16,syndrome,PackedBatch.apply_many,64,component,0.0003322999885616203,5.192187321275317,0.19259705748720515,True,trace-level task breakdown; no BER; no full decoder
lightweight,product_like,bch_255_239_r16,syndrome,PackedBlockLUT.apply_many_packed,64,component,0.00013630000952010354,2.129687648751618,0.4695524250169647,True,trace-level task breakdown; no BER; no full decoder
lightweight,product_like,bch_255_239_r16,syndrome,EventUpdate.integrated,64,component,0.0003768999983246128,5.889062473822075,0.169806315427146,True,trace-level task breakdown; no BER; no full decoder
lightweight,product_like,bch_255_239_r16,syndrome,Naive.apply_many,192,component,0.0010504333379988868,5.471006968744202,0.18278170832407784,True,trace-level task breakdown; no BER; no full decoder
lightweight,product_like,bch_255_239_r16,syndrome,PackedBatch.apply_many,192,component,0.0010485999907056491,5.461458284925255,0.1831012795172683,True,trace-level task breakdown; no BER; no full decoder
lightweight,product_like,bch_255_239_r16,syndrome,PackedBlockLUT.apply_many_packed,192,component,0.0005517333435515562,2.873611164331022,0.3479941936517359,True,trace-level task breakdown; no BER; no full decoder
lightweight,product_like,bch_255_239_r16,syndrome,EventUpdate.integrated,192,component,0.0010562333239552875,5.5012152289337894,0.1817780178351273,True,trace-level task breakdown; no BER; no full decoder
lightweight,product_like,bch_255_239_r16,syndrome,Naive.apply_many,64,component,0.00037836667615920305,5.911979314987548,0.16914808843543905,True,trace-level task breakdown; no BER; no full decoder
lightweight,product_like,bch_255_239_r16,syndrome,PackedBatch.apply_many,64,component,0.0003581333245771627,5.595833196518167,0.17870439751889297,True,trace-level task breakdown; no BER; no full decoder
lightweight,product_like,bch_255_239_r16,syndrome,PackedBlockLUT.apply_many_packed,64,component,0.00013716666338344416,2.143229115366315,0.4665856733796203,True,trace-level task breakdown; no BER; no full decoder
lightweight,product_like,bch_255_239_r16,syndrome,EventUpdate.integrated,64,component,0.0003692999986621241,5.770312479095689,0.17330084005376395,True,trace-level task breakdown; no BER; no full decoder
lightweight,product_like,bch_255_239_r16,syndrome,Naive.apply_many,192,component,0.0011518333340063691,5.999131947949839,0.16669078271261276,True,trace-level task breakdown; no BER; no full decoder
lightweight,product_like,bch_255_239_r16,syndrome,PackedBatch.apply_many,192,component,0.0010734666720964015,5.590972250502091,0.1788597680681023,True,trace-level task breakdown; no BER; no full decoder
lightweight,product_like,bch_255_239_r16,syndrome,PackedBlockLUT.apply_many_packed,192,component,0.0005245333498654267,2.731944530549097,0.3660396427591481,True,trace-level task breakdown; no BER; no full decoder
lightweight,product_like,bch_255_239_r16,syndrome,EventUpdate.integrated,192,component,0.0011210666658977668,5.838888884884202,0.1712654615827361,True,trace-level task breakdown; no BER; no full decoder
lightweight,product_like,ebch_256_239_r17,syndrome,Naive.apply_many,16,component,0.00012010000258063276,7.506250161289548,0.13322231187512187,True,trace-level task breakdown; no BER; no full decoder
lightweight,product_like,ebch_256_239_r17,syndrome,PackedBatch.apply_many,16,component,0.00013300000379482904,8.312500237176815,0.12030074844721222,True,trace-level task breakdown; no BER; no full decoder
lightweight,product_like,ebch_256_239_r17,syndrome,PackedBlockLUT.apply_many_packed,16,component,0.0001367000125659009,8.543750785368806,0.11704461250350402,True,trace-level task breakdown; no BER; no full decoder
lightweight,product_like,ebch_256_239_r17,syndrome,EventUpdate.integrated,16,component,0.00011599999076376359,7.2499994227352245,0.13793104546520468,True,trace-level task breakdown; no BER; no full decoder
lightweight,product_like,ebch_256_239_r17,syndrome,Naive.apply_many,48,component,0.00036806665593758225,7.668055332032964,0.13041116120048638,True,trace-level task breakdown; no BER; no full decoder
lightweight,product_like,ebch_256_239_r17,syndrome,PackedBatch.apply_many,48,component,0.0003274333430454135,6.821527980112781,0.146594722313734,True,trace-level task breakdown; no BER; no full decoder
lightweight,product_like,ebch_256_239_r17,syndrome,PackedBlockLUT.apply_many_packed,48,component,0.0003852999846761425,8.027083014086301,0.12457825566836085,True,trace-level task breakdown; no BER; no full decoder
lightweight,product_like,ebch_256_239_r17,syndrome,EventUpdate.integrated,48,component,0.000358233325338612,7.46319427788775,0.1339908841664272,True,trace-level task breakdown; no BER; no full decoder
lightweight,product_like,ebch_256_239_r17,syndrome,Naive.apply_many,16,component,0.00012493333391224345,7.808333369515216,0.1280683025015472,True,trace-level task breakdown; no BER; no full decoder
lightweight,product_like,ebch_256_239_r17,syndrome,PackedBatch.apply_many,16,component,0.00012169999536126852,7.6062497100792825,0.13147083492077158,True,trace-level task breakdown; no BER; no full decoder
lightweight,product_like,ebch_256_239_r17,syndrome,PackedBlockLUT.apply_many_packed,16,component,0.00013553335641821226,8.470834776138267,0.11805211958766192,True,trace-level task breakdown; no BER; no full decoder
lightweight,product_like,ebch_256_239_r17,syndrome,EventUpdate.integrated,16,component,0.00011850000979999702,7.4062506124998135,0.13502108588011613,True,trace-level task breakdown; no BER; no full decoder
lightweight,product_like,ebch_256_239_r17,syndrome,Naive.apply_many,48,component,0.0003425999893806875,7.137499778764322,0.1401050831518379,True,trace-level task breakdown; no BER; no full decoder
lightweight,product_like,ebch_256_239_r17,syndrome,PackedBatch.apply_many,48,component,0.00031863333424553275,6.638194463448599,0.1506433723064647,True,trace-level task breakdown; no BER; no full decoder
lightweight,product_like,ebch_256_239_r17,syndrome,PackedBlockLUT.apply_many_packed,48,component,0.0004151999989214043,8.649999977529257,0.11560693671650564,True,trace-level task breakdown; no BER; no full decoder
lightweight,product_like,ebch_256_239_r17,syndrome,EventUpdate.integrated,48,component,0.0003956333190823595,8.242360814215823,0.12132446304404351,True,trace-level task breakdown; no BER; no full decoder
lightweight,product_like,ebch_256_239_r17,syndrome,Naive.apply_many,64,component,0.00047933333553373814,7.489583367714658,0.13351877546496102,True,trace-level task breakdown; no BER; no full decoder
lightweight,product_like,ebch_256_239_r17,syndrome,PackedBatch.apply_many,64,component,0.00036216664981717866,5.658853903393417,0.17671422819386362,True,trace-level task breakdown; no BER; no full decoder
lightweight,product_like,ebch_256_239_r17,syndrome,PackedBlockLUT.apply_many_packed,64,component,0.00012873332404221097,2.0114581881595464,0.4971517707335417,True,trace-level task breakdown; no BER; no full decoder
lightweight,product_like,ebch_256_239_r17,syndrome,EventUpdate.integrated,64,component,0.00037030000627661747,5.785937598072148,0.17283283530973376,True,trace-level task breakdown; no BER; no full decoder
lightweight,product_like,ebch_256_239_r17,syndrome,Naive.apply_many,192,component,0.0011304333262766402,5.887673574357501,0.16984637265817273,True,trace-level task breakdown; no BER; no full decoder
lightweight,product_like,ebch_256_239_r17,syndrome,PackedBatch.apply_many,192,component,0.001105933333747089,5.760069446599421,0.1736090179590406,True,trace-level task breakdown; no BER; no full decoder
lightweight,product_like,ebch_256_239_r17,syndrome,PackedBlockLUT.apply_many_packed,192,component,0.0005963000003248453,3.1057291683585695,0.3219855775539234,True,trace-level task breakdown; no BER; no full decoder
lightweight,product_like,ebch_256_239_r17,syndrome,EventUpdate.integrated,192,component,0.0011424999878120918,5.950520769854645,0.16805251820412134,True,trace-level task breakdown; no BER; no full decoder
lightweight,product_like,ebch_256_239_r17,syndrome,Naive.apply_many,64,component,0.0004285333367685477,6.695833387008558,0.1493466073902358,True,trace-level task breakdown; no BER; no full decoder
lightweight,product_like,ebch_256_239_r17,syndrome,PackedBatch.apply_many,64,component,0.000385833322070539,6.028645657352172,0.16587473486361906,True,trace-level task breakdown; no BER; no full decoder
lightweight,product_like,ebch_256_239_r17,syndrome,PackedBlockLUT.apply_many_packed,64,component,0.00013983333095287284,2.184895796138638,0.4576877312718062,True,trace-level task breakdown; no BER; no full decoder
lightweight,product_like,ebch_256_239_r17,syndrome,EventUpdate.integrated,64,component,0.00037709999984751147,5.892187497617367,0.1697162557037385,True,trace-level task breakdown; no BER; no full decoder
lightweight,product_like,ebch_256_239_r17,syndrome,Naive.apply_many,192,component,0.0011192666521916788,5.829513813498327,0.1715408920868298,True,trace-level task breakdown; no BER; no full decoder
lightweight,product_like,ebch_256_239_r17,syndrome,PackedBatch.apply_many,192,component,0.0015353666773686807,7.9967014446285445,0.1250515611873579,True,trace-level task breakdown; no BER; no full decoder
lightweight,product_like,ebch_256_239_r17,syndrome,PackedBlockLUT.apply_many_packed,192,component,0.0004490333376452327,2.3387153002355867,0.4275851788797322,True,trace-level task breakdown; no BER; no full decoder
lightweight,product_like,ebch_256_239_r17,syndrome,EventUpdate.integrated,192,component,0.0011192999857788284,5.829687425931398,0.17153578347131226,True,trace-level task breakdown; no BER; no full decoder
lightweight,staircase_like,ebch_256_239_r17,syndrome,Naive.apply_many,64,component,0.0003937333240173757,6.152083187771495,0.1625465666634192,True,trace-level task breakdown; no BER; no full decoder
lightweight,staircase_like,ebch_256_239_r17,event_update,Naive.apply_many,64,update,0.00037753333648045856,5.898958382507165,0.16952145364602178,True,trace-level task breakdown; no BER; no full decoder
lightweight,staircase_like,ebch_256_239_r17,syndrome,PackedBatch.apply_many,64,component,0.00041293333439777297,6.452083349965203,0.15498869834119441,True,trace-level task breakdown; no BER; no full decoder
lightweight,staircase_like,ebch_256_239_r17,event_update,PackedBatch.apply_many,64,update,0.00034873333061113954,5.448958290799055,0.18352131666865013,True,trace-level task breakdown; no BER; no full decoder
lightweight,staircase_like,ebch_256_239_r17,syndrome,PackedBlockLUT.apply_many_packed,64,component,0.00013016666828965148,2.0338541920258044,0.4916773306172739,True,trace-level task breakdown; no BER; no full decoder
lightweight,staircase_like,ebch_256_239_r17,event_update,PackedBlockLUT.apply_many_packed,64,update,7.930000235016148e-05,1.239062536721273,0.807061766749994,True,trace-level task breakdown; no BER; no full decoder
lightweight,staircase_like,ebch_256_239_r17,syndrome,EventUpdate.integrated,64,component,0.0003850333353814979,6.016145865335905,0.1662193740616969,True,trace-level task breakdown; no BER; no full decoder
lightweight,staircase_like,ebch_256_239_r17,event_update,EventUpdate.integrated,64,update,1.789998107900222e-05,0.2796872043594097,3.5754227737746573,True,trace-level task breakdown; no BER; no full decoder
lightweight,staircase_like,ebch_256_239_r17,syndrome,Naive.apply_many,192,component,0.001110233327684303,5.782465248355745,0.17293662080967143,True,trace-level task breakdown; no BER; no full decoder
lightweight,staircase_like,ebch_256_239_r17,event_update,Naive.apply_many,192,update,0.0010850333298246066,5.651215259503159,0.17695308957102396,True,trace-level task breakdown; no BER; no full decoder
lightweight,staircase_like,ebch_256_239_r17,syndrome,PackedBatch.apply_many,192,component,0.0010351000043253105,5.391145855860992,0.1854893239278341,True,trace-level task breakdown; no BER; no full decoder
lightweight,staircase_like,ebch_256_239_r17,event_update,PackedBatch.apply_many,192,update,0.0010613666769738,5.527951442571874,0.18089883936005613,True,trace-level task breakdown; no BER; no full decoder
lightweight,staircase_like,ebch_256_239_r17,syndrome,PackedBlockLUT.apply_many_packed,192,component,0.0003401666763238609,1.7717014391867754,0.5644291853479599,True,trace-level task breakdown; no BER; no full decoder
lightweight,staircase_like,ebch_256_239_r17,event_update,PackedBlockLUT.apply_many_packed,192,update,0.00034086668165400624,1.7753473002812825,0.5632700710681015,True,trace-level task breakdown; no BER; no full decoder
lightweight,staircase_like,ebch_256_239_r17,syndrome,EventUpdate.integrated,192,component,0.0010739999900882442,5.5937499483762725,0.17877095137051582,True,trace-level task breakdown; no BER; no full decoder
lightweight,staircase_like,ebch_256_239_r17,event_update,EventUpdate.integrated,192,update,3.9699991854528584e-05,0.20677079090900305,4.8362730325875,True,trace-level task breakdown; no BER; no full decoder
lightweight,staircase_like,ebch_256_239_r17,syndrome,Naive.apply_many,64,component,0.0003483333275653422,5.442708243208472,0.1837320604586552,True,trace-level task breakdown; no BER; no full decoder
lightweight,staircase_like,ebch_256_239_r17,event_update,Naive.apply_many,64,update,0.0003695333337721725,5.7739583401901955,0.17319141238678556,True,trace-level task breakdown; no BER; no full decoder
lightweight,staircase_like,ebch_256_239_r17,syndrome,PackedBatch.apply_many,64,component,0.00035016667485858005,5.471354294665313,0.18277010519589662,True,trace-level task breakdown; no BER; no full decoder
lightweight,staircase_like,ebch_256_239_r17,event_update,PackedBatch.apply_many,64,update,0.0003506333256761233,5.478645713689427,0.18252686015109754,True,trace-level task breakdown; no BER; no full decoder
lightweight,staircase_like,ebch_256_239_r17,syndrome,PackedBlockLUT.apply_many_packed,64,component,7.606666379918654e-05,1.1885416218622897,0.8413672534522859,True,trace-level task breakdown; no BER; no full decoder
lightweight,staircase_like,ebch_256_239_r17,event_update,PackedBlockLUT.apply_many_packed,64,update,7.690000347793102e-05,1.2015625543426722,0.83224963726259,True,trace-level task breakdown; no BER; no full decoder
lightweight,staircase_like,ebch_256_239_r17,syndrome,EventUpdate.integrated,64,component,0.00039106667585050065,6.110416810164073,0.16365495694771579,True,trace-level task breakdown; no BER; no full decoder
lightweight,staircase_like,ebch_256_239_r17,event_update,EventUpdate.integrated,64,update,1.4766662692030271e-05,0.230729104562973,4.334086945355737,True,trace-level task breakdown; no BER; no full decoder
lightweight,staircase_like,ebch_256_239_r17,syndrome,Naive.apply_many,192,component,0.0010457333216133218,5.446527716736051,0.18360321511395367,True,trace-level task breakdown; no BER; no full decoder
lightweight,staircase_like,ebch_256_239_r17,event_update,Naive.apply_many,192,update,0.0010996000103962917,5.727083387480686,0.1746089470577614,True,trace-level task breakdown; no BER; no full decoder
lightweight,staircase_like,ebch_256_239_r17,syndrome,PackedBatch.apply_many,192,component,0.001150000006115685,5.989583365185859,0.16695652085125784,True,trace-level task breakdown; no BER; no full decoder
lightweight,staircase_like,ebch_256_239_r17,event_update,PackedBatch.apply_many,192,update,0.0011621333348254363,6.052777785549147,0.16521340043037339,True,trace-level task breakdown; no BER; no full decoder
lightweight,staircase_like,ebch_256_239_r17,syndrome,PackedBlockLUT.apply_many_packed,192,component,0.00031316666475807625,1.6310763789483138,0.6130920739866151,True,trace-level task breakdown; no BER; no full decoder
lightweight,staircase_like,ebch_256_239_r17,event_update,PackedBlockLUT.apply_many_packed,192,update,0.00035383333063994843,1.8428819304163981,0.5426283602303543,True,trace-level task breakdown; no BER; no full decoder
lightweight,staircase_like,ebch_256_239_r17,syndrome,EventUpdate.integrated,192,component,0.0011415333137847483,5.945486009295564,0.16819482855338222,True,trace-level task breakdown; no BER; no full decoder
lightweight,staircase_like,ebch_256_239_r17,event_update,EventUpdate.integrated,192,update,4.1066668927669525e-05,0.21388890066494545,4.6753244179158635,True,trace-level task breakdown; no BER; no full decoder
lightweight,staircase_like,ebch_256_239_r17,syndrome,Naive.apply_many,64,component,0.0003858666556576888,6.029166494651387,0.16586040556138615,True,trace-level task breakdown; no BER; no full decoder
lightweight,staircase_like,ebch_256_239_r17,event_update,Naive.apply_many,64,update,0.00036823332387333113,5.753645685520799,0.17380284686568837,True,trace-level task breakdown; no BER; no full decoder
lightweight,staircase_like,ebch_256_239_r17,syndrome,PackedBatch.apply_many,64,component,0.00035913333219165605,5.611458315494626,0.178206794700542,True,trace-level task breakdown; no BER; no full decoder
lightweight,staircase_like,ebch_256_239_r17,event_update,PackedBatch.apply_many,64,update,0.0003450666748297711,5.3916667942151735,0.18547140210387628,True,trace-level task breakdown; no BER; no full decoder
lightweight,staircase_like,ebch_256_239_r17,syndrome,PackedBlockLUT.apply_many_packed,64,component,8.376666422312458e-05,1.3088541284863215,0.7640270815789773,True,trace-level task breakdown; no BER; no full decoder
lightweight,staircase_like,ebch_256_239_r17,event_update,PackedBlockLUT.apply_many_packed,64,update,8.916666653628151e-05,1.3932291646293986,0.7177570103953442,True,trace-level task breakdown; no BER; no full decoder
lightweight,staircase_like,ebch_256_239_r17,syndrome,EventUpdate.integrated,64,component,0.000420633334821711,6.572395856589234,0.15215151701452037,True,trace-level task breakdown; no BER; no full decoder
lightweight,staircase_like,ebch_256_239_r17,event_update,EventUpdate.integrated,64,update,1.7300015315413475e-05,0.27031273930333555,3.6994186902816844,True,trace-level task breakdown; no BER; no full decoder
lightweight,staircase_like,ebch_256_239_r17,syndrome,Naive.apply_many,192,component,0.0013420999942657847,6.990104136800962,0.1430593851578372,True,trace-level task breakdown; no BER; no full decoder
lightweight,staircase_like,ebch_256_239_r17,event_update,Naive.apply_many,192,update,0.0011431999931422372,5.954166630949152,0.1679496161229519,True,trace-level task breakdown; no BER; no full decoder
lightweight,staircase_like,ebch_256_239_r17,syndrome,PackedBatch.apply_many,192,component,0.0011214000017692645,5.84062500921492,0.1712145529668951,True,trace-level task breakdown; no BER; no full decoder
lightweight,staircase_like,ebch_256_239_r17,event_update,PackedBatch.apply_many,192,update,0.0011418666496562462,5.947222133626282,0.16814572880099504,True,trace-level task breakdown; no BER; no full decoder
lightweight,staircase_like,ebch_256_239_r17,syndrome,PackedBlockLUT.apply_many_packed,192,component,0.00026296667056158185,1.3696180758415721,0.7301305507271014,True,trace-level task breakdown; no BER; no full decoder
lightweight,staircase_like,ebch_256_239_r17,event_update,PackedBlockLUT.apply_many_packed,192,update,0.00023789998764793077,1.239062435666306,0.8070618325720202,True,trace-level task breakdown; no BER; no full decoder
lightweight,staircase_like,ebch_256_239_r17,syndrome,EventUpdate.integrated,192,component,0.0011336999984147649,5.904687491743567,0.16935697298092142,True,trace-level task breakdown; no BER; no full decoder
lightweight,staircase_like,ebch_256_239_r17,event_update,EventUpdate.integrated,192,update,4.2199991488208376e-05,0.21979162233441862,4.549763950868311,True,trace-level task breakdown; no BER; no full decoder
lightweight,staircase_like,ebch_256_239_r17,syndrome,Naive.apply_many,64,component,0.00037463333380098146,5.853645840640335,0.17083370385294938,True,trace-level task breakdown; no BER; no full decoder
lightweight,staircase_like,ebch_256_239_r17,event_update,Naive.apply_many,64,update,0.00036776665365323424,5.746353963331785,0.1740233905500996,True,trace-level task breakdown; no BER; no full decoder
lightweight,staircase_like,ebch_256_239_r17,syndrome,PackedBatch.apply_many,64,component,0.00039089998851219815,6.107812320503096,0.16372474259615605,True,trace-level task breakdown; no BER; no full decoder
lightweight,staircase_like,ebch_256_239_r17,event_update,PackedBatch.apply_many,64,update,0.00036099999366949004,5.640624901085782,0.17728532166843905,True,trace-level task breakdown; no BER; no full decoder
lightweight,staircase_like,ebch_256_239_r17,syndrome,PackedBlockLUT.apply_many_packed,64,component,7.683333630363147e-05,1.2005208797442417,0.8329717682320023,True,trace-level task breakdown; no BER; no full decoder
lightweight,staircase_like,ebch_256_239_r17,event_update,PackedBlockLUT.apply_many_packed,64,update,8.583332722385724e-05,1.3411457378727694,0.7456311210339671,True,trace-level task breakdown; no BER; no full decoder
lightweight,staircase_like,ebch_256_239_r17,syndrome,EventUpdate.integrated,64,component,0.00042863333752999705,6.697395898906204,0.14931176461635134,True,trace-level task breakdown; no BER; no full decoder
lightweight,staircase_like,ebch_256_239_r17,event_update,EventUpdate.integrated,64,update,1.676667792101701e-05,0.2619793425158908,3.817094853344566,True,trace-level task breakdown; no BER; no full decoder
lightweight,staircase_like,ebch_256_239_r17,syndrome,Naive.apply_many,192,component,0.0010410333440328638,5.422048666837832,0.1844321328423644,True,trace-level task breakdown; no BER; no full decoder
lightweight,staircase_like,ebch_256_239_r17,event_update,Naive.apply_many,192,update,0.001124466652981937,5.8565971509475885,0.17074761576151803,True,trace-level task breakdown; no BER; no full decoder
lightweight,staircase_like,ebch_256_239_r17,syndrome,PackedBatch.apply_many,192,component,0.001147666674417754,5.977430595925802,0.1672959616932394,True,trace-level task breakdown; no BER; no full decoder
lightweight,staircase_like,ebch_256_239_r17,event_update,PackedBatch.apply_many,192,update,0.0011041666730307043,5.750868088701584,0.17388679145060643,True,trace-level task breakdown; no BER; no full decoder
lightweight,staircase_like,ebch_256_239_r17,syndrome,PackedBlockLUT.apply_many_packed,192,component,0.00039033333693320554,2.0329861298604457,0.4918872712961623,True,trace-level task breakdown; no BER; no full decoder
lightweight,staircase_like,ebch_256_239_r17,event_update,PackedBlockLUT.apply_many_packed,192,update,0.00033766665728762746,1.758680506706393,0.5686081105616914,True,trace-level task breakdown; no BER; no full decoder
lightweight,staircase_like,ebch_256_239_r17,syndrome,EventUpdate.integrated,192,component,0.0010356000081325571,5.393750042357068,0.18539976679434705,True,trace-level task breakdown; no BER; no full decoder
lightweight,staircase_like,ebch_256_239_r17,event_update,EventUpdate.integrated,192,update,5.03999957193931e-05,0.2624999777051724,3.809524133076891,True,trace-level task breakdown; no BER; no full decoder
lightweight,ofec_like,bch_255_239_r16,syndrome,Naive.apply_many,8,component,4.763334679106871e-05,5.954168348883589,0.1679495676650629,True,trace-level task breakdown; no BER; no full decoder
lightweight,ofec_like,bch_255_239_r16,candidate_test,Naive.apply_many,256,candidate,0.0013879666609379153,5.421744769288732,0.1844424705612227,True,trace-level task breakdown; no BER; no full decoder
lightweight,ofec_like,bch_255_239_r16,event_update,Naive.apply_many,8,update,4.509999416768551e-05,5.637499270960689,0.17738361495691857,True,trace-level task breakdown; no BER; no full decoder
lightweight,ofec_like,bch_255_239_r16,syndrome,PackedBatch.apply_many,8,component,4.516666134198507e-05,5.645832667748134,0.17712179209853463,True,trace-level task breakdown; no BER; no full decoder
lightweight,ofec_like,bch_255_239_r16,candidate_test,PackedBatch.apply_many,256,candidate,0.001293666660785675,5.053385393694043,0.19788714338864155,True,trace-level task breakdown; no BER; no full decoder
lightweight,ofec_like,bch_255_239_r16,event_update,PackedBatch.apply_many,8,update,4.630000330507755e-05,5.787500413134694,0.1727861647716701,True,trace-level task breakdown; no BER; no full decoder
lightweight,ofec_like,bch_255_239_r16,syndrome,PackedBlockLUT.apply_many_packed,8,component,5.613331450149417e-05,7.016664312686771,0.14251786253931353,True,trace-level task breakdown; no BER; no full decoder
lightweight,ofec_like,bch_255_239_r16,candidate_test,PackedBlockLUT.apply_many_packed,256,candidate,0.0001725333471161624,0.6739583871725093,1.4837711334009047,True,trace-level task breakdown; no BER; no full decoder
lightweight,ofec_like,bch_255_239_r16,event_update,PackedBlockLUT.apply_many_packed,8,update,7.32333476965626e-05,9.154168462070325,0.10923985112830642,True,trace-level task breakdown; no BER; no full decoder
lightweight,ofec_like,bch_255_239_r16,syndrome,EventUpdate.integrated,8,component,4.923332016915083e-05,6.154165021143854,0.16249158034669234,True,trace-level task breakdown; no BER; no full decoder
lightweight,ofec_like,bch_255_239_r16,candidate_test,EventUpdate.integrated,256,candidate,0.0013593333230043452,5.309895792985723,0.1883276130053215,True,trace-level task breakdown; no BER; no full decoder
lightweight,ofec_like,bch_255_239_r16,event_update,EventUpdate.integrated,8,update,1.1466676369309425e-05,1.4333345461636782,0.6976738282604723,True,trace-level task breakdown; no BER; no full decoder
lightweight,ofec_like,bch_255_239_r16,syndrome,Naive.apply_many,24,component,0.00013366665613527098,5.569444005636291,0.17955113634107778,True,trace-level task breakdown; no BER; no full decoder
lightweight,ofec_like,bch_255_239_r16,candidate_test,Naive.apply_many,768,candidate,0.004208633346327891,5.479991336364441,0.18248204032078347,True,trace-level task breakdown; no BER; no full decoder
lightweight,ofec_like,bch_255_239_r16,event_update,Naive.apply_many,24,update,0.00014179999319215616,5.908333049673173,0.16925247639100444,True,trace-level task breakdown; no BER; no full decoder
lightweight,ofec_like,bch_255_239_r16,syndrome,PackedBatch.apply_many,24,component,0.00015043335345884165,6.2680563941184015,0.15953908789626475,True,trace-level task breakdown; no BER; no full decoder
lightweight,ofec_like,bch_255_239_r16,candidate_test,PackedBatch.apply_many,768,candidate,0.004155966666682313,5.411414930575928,0.18479455240989467,True,trace-level task breakdown; no BER; no full decoder
lightweight,ofec_like,bch_255_239_r16,event_update,PackedBatch.apply_many,24,update,0.0001417333260178566,5.905555250744025,0.16933208776160594,True,trace-level task breakdown; no BER; no full decoder
lightweight,ofec_like,bch_255_239_r16,syndrome,PackedBlockLUT.apply_many_packed,24,component,0.0002693666804892321,11.223611687051338,0.08909787935319415,True,trace-level task breakdown; no BER; no full decoder
lightweight,ofec_like,bch_255_239_r16,candidate_test,PackedBlockLUT.apply_many_packed,768,candidate,0.0005828999953034023,0.7589843688846385,1.3175501907497054,True,trace-level task breakdown; no BER; no full decoder
lightweight,ofec_like,bch_255_239_r16,event_update,PackedBlockLUT.apply_many_packed,24,update,0.00022353332800169787,9.313888666737412,0.10736653999003543,True,trace-level task breakdown; no BER; no full decoder
lightweight,ofec_like,bch_255_239_r16,syndrome,EventUpdate.integrated,24,component,0.00014146665732065836,5.8944440550274315,0.16965128359257048,True,trace-level task breakdown; no BER; no full decoder
lightweight,ofec_like,bch_255_239_r16,candidate_test,EventUpdate.integrated,768,candidate,0.00413269999747475,5.38111978837858,0.1858349264329082,True,trace-level task breakdown; no BER; no full decoder
lightweight,ofec_like,bch_255_239_r16,event_update,EventUpdate.integrated,24,update,2.9499991796910763e-05,1.2291663248712819,0.8135595482610702,True,trace-level task breakdown; no BER; no full decoder
lightweight,ofec_like,bch_255_239_r16,syndrome,Naive.apply_many,8,component,4.68666742866238e-05,5.858334285827975,0.17069698504899625,True,trace-level task breakdown; no BER; no full decoder
lightweight,ofec_like,bch_255_239_r16,candidate_test,Naive.apply_many,256,candidate,0.0013636666699312627,5.326822929418995,0.18772916112476665,True,trace-level task breakdown; no BER; no full decoder
lightweight,ofec_like,bch_255_239_r16,event_update,Naive.apply_many,8,update,4.516666134198507e-05,5.645832667748134,0.17712179209853463,True,trace-level task breakdown; no BER; no full decoder
lightweight,ofec_like,bch_255_239_r16,syndrome,PackedBatch.apply_many,8,component,4.536666286488374e-05,5.670832858110468,0.1763409405674499,True,trace-level task breakdown; no BER; no full decoder
lightweight,ofec_like,bch_255_239_r16,candidate_test,PackedBatch.apply_many,256,candidate,0.001444800019574662,5.643750076463523,0.1771871515307457,True,trace-level task breakdown; no BER; no full decoder
lightweight,ofec_like,bch_255_239_r16,event_update,PackedBatch.apply_many,8,update,4.486665905763706e-05,5.608332382204632,0.17830612236411364,True,trace-level task breakdown; no BER; no full decoder
lightweight,ofec_like,bch_255_239_r16,syndrome,PackedBlockLUT.apply_many_packed,8,component,5.733334304143985e-05,7.166667880179982,0.1395348600938497,True,trace-level task breakdown; no BER; no full decoder
lightweight,ofec_like,bch_255_239_r16,candidate_test,PackedBlockLUT.apply_many_packed,256,candidate,0.00018396665109321475,0.7186197308328701,1.3915565591846666,True,trace-level task breakdown; no BER; no full decoder
lightweight,ofec_like,bch_255_239_r16,event_update,PackedBlockLUT.apply_many_packed,8,update,5.569999727110068e-05,6.962499658887585,0.14362657795228853,True,trace-level task breakdown; no BER; no full decoder
lightweight,ofec_like,bch_255_239_r16,syndrome,EventUpdate.integrated,8,component,4.480001128589114e-05,5.600001410736392,0.17857138358622332,True,trace-level task breakdown; no BER; no full decoder
lightweight,ofec_like,bch_255_239_r16,candidate_test,EventUpdate.integrated,256,candidate,0.0013960999979948003,5.453515617167189,0.1833679538483557,True,trace-level task breakdown; no BER; no full decoder
lightweight,ofec_like,bch_255_239_r16,event_update,EventUpdate.integrated,8,update,1.060000310341517e-05,1.3250003879268963,0.7547167601698638,True,trace-level task breakdown; no BER; no full decoder
lightweight,ofec_like,bch_255_239_r16,syndrome,Naive.apply_many,24,component,0.00014416667787979046,6.006944911657936,0.1664739754911448,True,trace-level task breakdown; no BER; no full decoder
lightweight,ofec_like,bch_255_239_r16,candidate_test,Naive.apply_many,768,candidate,0.0040816333300123615,5.3146267317869285,0.18815996879309932,True,trace-level task breakdown; no BER; no full decoder
lightweight,ofec_like,bch_255_239_r16,event_update,Naive.apply_many,24,update,0.00014229999699940285,5.929166541641785,0.16865776884099803,True,trace-level task breakdown; no BER; no full decoder
lightweight,ofec_like,bch_255_239_r16,syndrome,PackedBatch.apply_many,24,component,0.00014466666228448352,6.027777595186813,0.16589862253685356,True,trace-level task breakdown; no BER; no full decoder
lightweight,ofec_like,bch_255_239_r16,candidate_test,PackedBatch.apply_many,768,candidate,0.004058566662327697,5.284592008239189,0.1892293668916926,True,trace-level task breakdown; no BER; no full decoder
lightweight,ofec_like,bch_255_239_r16,event_update,PackedBatch.apply_many,24,update,0.00014340000537534556,5.975000223972732,0.16736401046276575,True,trace-level task breakdown; no BER; no full decoder
lightweight,ofec_like,bch_255_239_r16,syndrome,PackedBlockLUT.apply_many_packed,24,component,0.0002538333258902033,10.576388578758472,0.09455023258207357,True,trace-level task breakdown; no BER; no full decoder
lightweight,ofec_like,bch_255_239_r16,candidate_test,PackedBlockLUT.apply_many_packed,768,candidate,0.0005863000017901262,0.7634114606642268,1.3099095985930354,True,trace-level task breakdown; no BER; no full decoder
lightweight,ofec_like,bch_255_239_r16,event_update,PackedBlockLUT.apply_many_packed,24,update,0.00022463333637764057,9.359722349068358,0.10684077611549422,True,trace-level task breakdown; no BER; no full decoder
lightweight,ofec_like,bch_255_239_r16,syndrome,EventUpdate.integrated,24,component,0.00014116665503631035,5.881943959846264,0.1700118203822766,True,trace-level task breakdown; no BER; no full decoder
lightweight,ofec_like,bch_255_239_r16,candidate_test,EventUpdate.integrated,768,candidate,0.004084199996820341,5.317968745859819,0.18804172190341037,True,trace-level task breakdown; no BER; no full decoder
lightweight,ofec_like,bch_255_239_r16,event_update,EventUpdate.integrated,24,update,2.9233323099712532e-05,1.2180551291546888,0.8209809031336573,True,trace-level task breakdown; no BER; no full decoder
lightweight,ofec_like,bch_255_239_r16,syndrome,Naive.apply_many,32,component,0.0001642666757106781,5.133333615958691,0.19480518407982766,True,trace-level task breakdown; no BER; no full decoder
lightweight,ofec_like,bch_255_239_r16,candidate_test,Naive.apply_many,256,candidate,0.001278200012166053,4.992968797523645,0.2002816441584751,True,trace-level task breakdown; no BER; no full decoder
lightweight,ofec_like,bch_255_239_r16,event_update,Naive.apply_many,32,update,0.00016289999863753715,5.090624957423036,0.19643953509908882,True,trace-level task breakdown; no BER; no full decoder
lightweight,ofec_like,bch_255_239_r16,syndrome,PackedBatch.apply_many,32,component,0.00016726665974905094,5.227083117157842,0.19131128730620547,True,trace-level task breakdown; no BER; no full decoder
lightweight,ofec_like,bch_255_239_r16,candidate_test,PackedBatch.apply_many,256,candidate,0.0012885333271697164,5.0333333092567045,0.19867549763909328,True,trace-level task breakdown; no BER; no full decoder
lightweight,ofec_like,bch_255_239_r16,event_update,PackedBatch.apply_many,32,update,0.00016473332652822137,5.147916454006918,0.19425334675383918,True,trace-level task breakdown; no BER; no full decoder
lightweight,ofec_like,bch_255_239_r16,syndrome,PackedBlockLUT.apply_many_packed,32,component,6.460000683243076e-05,2.0187502135134614,0.49535598476028686,True,trace-level task breakdown; no BER; no full decoder
lightweight,ofec_like,bch_255_239_r16,candidate_test,PackedBlockLUT.apply_many_packed,256,candidate,0.0001458999856064717,0.56992181877528,1.7546266295768889,True,trace-level task breakdown; no BER; no full decoder
lightweight,ofec_like,bch_255_239_r16,event_update,PackedBlockLUT.apply_many_packed,32,update,6.426667096093297e-05,2.0083334675291553,0.4979252779322032,True,trace-level task breakdown; no BER; no full decoder
lightweight,ofec_like,bch_255_239_r16,syndrome,EventUpdate.integrated,32,component,0.00017080000058437386,5.337500018261683,0.18735362933557048,True,trace-level task breakdown; no BER; no full decoder
lightweight,ofec_like,bch_255_239_r16,candidate_test,EventUpdate.integrated,256,candidate,0.0012943666661158204,5.0561197895149235,0.19778012421179966,True,trace-level task breakdown; no BER; no full decoder
lightweight,ofec_like,bch_255_239_r16,event_update,EventUpdate.integrated,32,update,1.1566657728205124e-05,0.3614580540064101,2.7665727431329166,True,trace-level task breakdown; no BER; no full decoder
lightweight,ofec_like,bch_255_239_r16,syndrome,Naive.apply_many,96,component,0.0005250666678572694,5.469444456846556,0.1828339254361048,True,trace-level task breakdown; no BER; no full decoder
lightweight,ofec_like,bch_255_239_r16,candidate_test,Naive.apply_many,768,candidate,0.004201733313190441,5.47100691821672,0.18278171001215823,True,trace-level task breakdown; no BER; no full decoder
lightweight,ofec_like,bch_255_239_r16,event_update,Naive.apply_many,96,update,0.000541600010668238,5.641666777794146,0.17725258144207398,True,trace-level task breakdown; no BER; no full decoder
lightweight,ofec_like,bch_255_239_r16,syndrome,PackedBatch.apply_many,96,component,0.0005484666714134315,5.713194493889912,0.1750334250075802,True,trace-level task breakdown; no BER; no full decoder
lightweight,ofec_like,bch_255_239_r16,candidate_test,PackedBatch.apply_many,768,candidate,0.004242866649292409,5.524565949599491,0.18100969544448933,True,trace-level task breakdown; no BER; no full decoder
lightweight,ofec_like,bch_255_239_r16,event_update,PackedBatch.apply_many,96,update,0.0005826999937805036,6.0697916018802465,0.16475030208454422,True,trace-level task breakdown; no BER; no full decoder
lightweight,ofec_like,bch_255_239_r16,syndrome,PackedBlockLUT.apply_many_packed,96,component,0.0001951333445807298,2.032639006049269,0.4919712733170688,True,trace-level task breakdown; no BER; no full decoder
lightweight,ofec_like,bch_255_239_r16,candidate_test,PackedBlockLUT.apply_many_packed,768,candidate,0.00044299999717622995,0.5768229129898828,1.7336343225629451,True,trace-level task breakdown; no BER; no full decoder
lightweight,ofec_like,bch_255_239_r16,event_update,PackedBlockLUT.apply_many_packed,96,update,0.00024053334103276333,2.5055556357579514,0.3991130692643716,True,trace-level task breakdown; no BER; no full decoder
lightweight,ofec_like,bch_255_239_r16,syndrome,EventUpdate.integrated,96,component,0.0004967333322080473,5.174305543833826,0.1932626497466295,True,trace-level task breakdown; no BER; no full decoder
lightweight,ofec_like,bch_255_239_r16,candidate_test,EventUpdate.integrated,768,candidate,0.004192766675259918,5.459331608411351,0.18317260641564084,True,trace-level task breakdown; no BER; no full decoder
lightweight,ofec_like,bch_255_239_r16,event_update,EventUpdate.integrated,96,update,3.7766663202395044e-05,0.39340274169161504,2.5419243284885167,True,trace-level task breakdown; no BER; no full decoder
lightweight,ofec_like,bch_255_239_r16,syndrome,Naive.apply_many,32,component,0.00016883333834509054,5.276041823284079,0.18953602596302935,True,trace-level task breakdown; no BER; no full decoder
lightweight,ofec_like,bch_255_239_r16,candidate_test,Naive.apply_many,256,candidate,0.001431466662324965,5.5916666497068945,0.17883755642915844,True,trace-level task breakdown; no BER; no full decoder
lightweight,ofec_like,bch_255_239_r16,event_update,Naive.apply_many,32,update,0.0001633000016833345,5.103125052604203,0.19595835682876017,True,trace-level task breakdown; no BER; no full decoder
lightweight,ofec_like,bch_255_239_r16,syndrome,PackedBatch.apply_many,32,component,0.00016733332692335048,5.229166466354703,0.19123506708653487,True,trace-level task breakdown; no BER; no full decoder
lightweight,ofec_like,bch_255_239_r16,candidate_test,PackedBatch.apply_many,256,candidate,0.001425266673322767,5.567447942667059,0.1796155097089161,True,trace-level task breakdown; no BER; no full decoder
lightweight,ofec_like,bch_255_239_r16,event_update,PackedBatch.apply_many,32,update,0.0002677000011317432,8.365625035366975,0.11953679441432591,True,trace-level task breakdown; no BER; no full decoder
lightweight,ofec_like,bch_255_239_r16,syndrome,PackedBlockLUT.apply_many_packed,32,component,9.320001117885113e-05,2.9125003493390977,0.3433475983022351,True,trace-level task breakdown; no BER; no full decoder
lightweight,ofec_like,bch_255_239_r16,candidate_test,PackedBlockLUT.apply_many_packed,256,candidate,0.00018696667393669486,0.7303385700652143,1.369227973144985,True,trace-level task breakdown; no BER; no full decoder
lightweight,ofec_like,bch_255_239_r16,event_update,PackedBlockLUT.apply_many_packed,32,update,7.779999092842142e-05,2.4312497165131695,0.41131110194397147,True,trace-level task breakdown; no BER; no full decoder
lightweight,ofec_like,bch_255_239_r16,syndrome,EventUpdate.integrated,32,component,0.00019856666525204977,6.205208289126555,0.16115494491172994,True,trace-level task breakdown; no BER; no full decoder
lightweight,ofec_like,bch_255_239_r16,candidate_test,EventUpdate.integrated,256,candidate,0.0013586333370767534,5.307161472956068,0.1884246418911019,True,trace-level task breakdown; no BER; no full decoder
lightweight,ofec_like,bch_255_239_r16,event_update,EventUpdate.integrated,32,update,1.2633332516998053e-05,0.39479164115618914,2.532981694018126,True,trace-level task breakdown; no BER; no full decoder
lightweight,ofec_like,bch_255_239_r16,syndrome,Naive.apply_many,96,component,0.0005293999953816334,5.514583285225348,0.18133736463445868,True,trace-level task breakdown; no BER; no full decoder
lightweight,ofec_like,bch_255_239_r16,candidate_test,Naive.apply_many,768,candidate,0.003907533343105267,5.087934040501649,0.19654342844063366,True,trace-level task breakdown; no BER; no full decoder
lightweight,ofec_like,bch_255_239_r16,event_update,Naive.apply_many,96,update,0.0004903000080958009,5.107291750997926,0.1957984874869558,True,trace-level task breakdown; no BER; no full decoder
lightweight,ofec_like,bch_255_239_r16,syndrome,PackedBatch.apply_many,96,component,0.000541600010668238,5.641666777794146,0.17725258144207398,True,trace-level task breakdown; no BER; no full decoder
lightweight,ofec_like,bch_255_239_r16,candidate_test,PackedBatch.apply_many,768,candidate,0.00411946667979161,5.3638889059786585,0.1864318999756664,True,trace-level task breakdown; no BER; no full decoder
lightweight,ofec_like,bch_255_239_r16,event_update,PackedBatch.apply_many,96,update,0.0005805666636054715,6.047569412556994,0.16535568784438082,True,trace-level task breakdown; no BER; no full decoder
lightweight,ofec_like,bch_255_239_r16,syndrome,PackedBlockLUT.apply_many_packed,96,component,0.00019326666370034218,2.013194413545231,0.4967230155576491,True,trace-level task breakdown; no BER; no full decoder
lightweight,ofec_like,bch_255_239_r16,candidate_test,PackedBlockLUT.apply_many_packed,768,candidate,0.0004206000012345612,0.5476562516075015,1.825962904768752,True,trace-level task breakdown; no BER; no full decoder
lightweight,ofec_like,bch_255_239_r16,event_update,PackedBlockLUT.apply_many_packed,96,update,0.00025019998429343104,2.6062498363899067,0.3836930696502864,True,trace-level task breakdown; no BER; no full decoder
lightweight,ofec_like,bch_255_239_r16,syndrome,EventUpdate.integrated,96,component,0.0004896666699399551,5.1006944785411985,0.19605173456419223,True,trace-level task breakdown; no BER; no full decoder
lightweight,ofec_like,bch_255_239_r16,candidate_test,EventUpdate.integrated,768,candidate,0.003935199987608939,5.12395831719914,0.19516161882960445,True,trace-level task breakdown; no BER; no full decoder
lightweight,ofec_like,bch_255_239_r16,event_update,EventUpdate.integrated,96,update,3.263334898898999e-05,0.3399307186353124,2.94177591249948,True,trace-level task breakdown; no BER; no full decoder
lightweight,ofec_like,ebch_256_239_r17,syndrome,Naive.apply_many,8,component,4.836666630581021e-05,6.045833288226277,0.16540317146147765,True,trace-level task breakdown; no BER; no full decoder
lightweight,ofec_like,ebch_256_239_r17,candidate_test,Naive.apply_many,256,candidate,0.001453766676907738,5.6787760816708515,0.17609428257396137,True,trace-level task breakdown; no BER; no full decoder
lightweight,ofec_like,ebch_256_239_r17,event_update,Naive.apply_many,8,update,5.0333347947647176e-05,6.291668493455897,0.15894035120256605,True,trace-level task breakdown; no BER; no full decoder
lightweight,ofec_like,ebch_256_239_r17,syndrome,PackedBatch.apply_many,8,component,4.7600013203918934e-05,5.950001650489867,0.16806718027005413,True,trace-level task breakdown; no BER; no full decoder
lightweight,ofec_like,ebch_256_239_r17,candidate_test,PackedBatch.apply_many,256,candidate,0.0014635333403324087,5.716927110673471,0.1749191446105733,True,trace-level task breakdown; no BER; no full decoder
lightweight,ofec_like,ebch_256_239_r17,event_update,PackedBatch.apply_many,8,update,5.0733331590890884e-05,6.3416664488613605,0.15768725902945416,True,trace-level task breakdown; no BER; no full decoder
lightweight,ofec_like,ebch_256_239_r17,syndrome,PackedBlockLUT.apply_many_packed,8,component,5.523334645355741e-05,6.904168306694676,0.1448400380144764,True,trace-level task breakdown; no BER; no full decoder
lightweight,ofec_like,ebch_256_239_r17,candidate_test,PackedBlockLUT.apply_many_packed,256,candidate,0.00014113332144916058,0.5513020369107835,1.8138877294985012,True,trace-level task breakdown; no BER; no full decoder
lightweight,ofec_like,ebch_256_239_r17,event_update,PackedBlockLUT.apply_many_packed,8,update,5.8233330491930246e-05,7.279166311491281,0.13737836961100156,True,trace-level task breakdown; no BER; no full decoder
lightweight,ofec_like,ebch_256_239_r17,syndrome,EventUpdate.integrated,8,component,5.4233319436510406e-05,6.779164929563801,0.14751079379099044,True,trace-level task breakdown; no BER; no full decoder
lightweight,ofec_like,ebch_256_239_r17,candidate_test,EventUpdate.integrated,256,candidate,0.0013645666767843068,5.330338581188698,0.18760534340709625,True,trace-level task breakdown; no BER; no full decoder
lightweight,ofec_like,ebch_256_239_r17,event_update,EventUpdate.integrated,8,update,9.999998534719149e-06,1.2499998168398936,0.8000001172224852,True,trace-level task breakdown; no BER; no full decoder
lightweight,ofec_like,ebch_256_239_r17,syndrome,Naive.apply_many,24,component,0.00015126667373503247,6.30277807229302,0.15866019531863176,True,trace-level task breakdown; no BER; no full decoder
lightweight,ofec_like,ebch_256_239_r17,candidate_test,Naive.apply_many,768,candidate,0.004374399994655202,5.695833326373961,0.17556693510844223,True,trace-level task breakdown; no BER; no full decoder
lightweight,ofec_like,ebch_256_239_r17,event_update,Naive.apply_many,24,update,0.00015103331922243038,6.293054967601266,0.1589053337605236,True,trace-level task breakdown; no BER; no full decoder
lightweight,ofec_like,ebch_256_239_r17,syndrome,PackedBatch.apply_many,24,component,0.00014343333896249533,5.976389123437305,0.16732511544108636,True,trace-level task breakdown; no BER; no full decoder
lightweight,ofec_like,ebch_256_239_r17,candidate_test,PackedBatch.apply_many,768,candidate,0.004246366656540583,5.529123250703884,0.18086050078060661,True,trace-level task breakdown; no BER; no full decoder
lightweight,ofec_like,ebch_256_239_r17,event_update,PackedBatch.apply_many,24,update,0.00014249999852230152,5.93749993842923,0.16842105437807392,True,trace-level task breakdown; no BER; no full decoder
lightweight,ofec_like,ebch_256_239_r17,syndrome,PackedBlockLUT.apply_many_packed,24,component,0.00016426665630812445,6.844444012838519,0.14610390531710715,True,trace-level task breakdown; no BER; no full decoder
lightweight,ofec_like,ebch_256_239_r17,candidate_test,PackedBlockLUT.apply_many_packed,768,candidate,0.00043043333183353144,0.5604600674915774,1.784248438029937,True,trace-level task breakdown; no BER; no full decoder
lightweight,ofec_like,ebch_256_239_r17,event_update,PackedBlockLUT.apply_many_packed,24,update,0.00017116667004302144,7.131944585125893,0.14021421339778228,True,trace-level task breakdown; no BER; no full decoder
lightweight,ofec_like,ebch_256_239_r17,syndrome,EventUpdate.integrated,24,component,0.0001420333283022046,5.918055345925192,0.1689744251358748,True,trace-level task breakdown; no BER; no full decoder
lightweight,ofec_like,ebch_256_239_r17,candidate_test,EventUpdate.integrated,768,candidate,0.004289566655643284,5.585373249535526,0.17903906423499252,True,trace-level task breakdown; no BER; no full decoder
lightweight,ofec_like,ebch_256_239_r17,event_update,EventUpdate.integrated,24,update,2.7666663906226557e-05,1.15277766275944,0.8674699660698393,True,trace-level task breakdown; no BER; no full decoder
lightweight,ofec_like,ebch_256_239_r17,syndrome,Naive.apply_many,8,component,4.983332473784685e-05,6.229165592230856,0.16053514474670905,True,trace-level task breakdown; no BER; no full decoder
lightweight,ofec_like,ebch_256_239_r17,candidate_test,Naive.apply_many,256,candidate,0.0014158666793567438,5.5307292162372805,0.18080798406549536,True,trace-level task breakdown; no BER; no full decoder
lightweight,ofec_like,ebch_256_239_r17,event_update,Naive.apply_many,8,update,4.8799983536203705e-05,6.099997942025463,0.16393448153655554,True,trace-level task breakdown; no BER; no full decoder
lightweight,ofec_like,ebch_256_239_r17,syndrome,PackedBatch.apply_many,8,component,5.03999957193931e-05,6.299999464924137,0.1587301722115371,True,trace-level task breakdown; no BER; no full decoder
lightweight,ofec_like,ebch_256_239_r17,candidate_test,PackedBatch.apply_many,256,candidate,0.0014499333143855135,5.663802009318412,0.1765598441391035,True,trace-level task breakdown; no BER; no full decoder
lightweight,ofec_like,ebch_256_239_r17,event_update,PackedBatch.apply_many,8,update,5.010001283759872e-05,6.26250160469984,0.15968059780607907,True,trace-level task breakdown; no BER; no full decoder
lightweight,ofec_like,ebch_256_239_r17,syndrome,PackedBlockLUT.apply_many_packed,8,component,5.953332098821799e-05,7.441665123527248,0.13437852730546057,True,trace-level task breakdown; no BER; no full decoder
lightweight,ofec_like,ebch_256_239_r17,candidate_test,PackedBlockLUT.apply_many_packed,256,candidate,0.00014646665658801794,0.5721353772969451,1.747838081127761,True,trace-level task breakdown; no BER; no full decoder
lightweight,ofec_like,ebch_256_239_r17,event_update,PackedBlockLUT.apply_many_packed,8,update,5.4866657592356205e-05,6.858332199044526,0.14580804355602894,True,trace-level task breakdown; no BER; no full decoder
lightweight,ofec_like,ebch_256_239_r17,syndrome,EventUpdate.integrated,8,component,5.136666974673668e-05,6.420833718342085,0.1557430146716537,True,trace-level task breakdown; no BER; no full decoder
lightweight,ofec_like,ebch_256_239_r17,candidate_test,EventUpdate.integrated,256,candidate,0.0015191000032549102,5.933984387714493,0.16852083434367707,True,trace-level task breakdown; no BER; no full decoder
lightweight,ofec_like,ebch_256_239_r17,event_update,EventUpdate.integrated,8,update,1.1099987508108219e-05,1.3874984385135274,0.7207215318176018,True,trace-level task breakdown; no BER; no full decoder
lightweight,ofec_like,ebch_256_239_r17,syndrome,Naive.apply_many,24,component,0.00015590000354374448,6.495833480989353,0.1539448329343095,True,trace-level task breakdown; no BER; no full decoder
lightweight,ofec_like,ebch_256_239_r17,candidate_test,Naive.apply_many,768,candidate,0.004367099997277061,5.6863281214545065,0.1758604109085794,True,trace-level task breakdown; no BER; no full decoder
lightweight,ofec_like,ebch_256_239_r17,event_update,Naive.apply_many,24,update,0.00014700001338496804,6.1250005577070015,0.16326529125645778,True,trace-level task breakdown; no BER; no full decoder
lightweight,ofec_like,ebch_256_239_r17,syndrome,PackedBatch.apply_many,24,component,0.00018616666784510016,7.75694449354584,0.1289167404552204,True,trace-level task breakdown; no BER; no full decoder
lightweight,ofec_like,ebch_256_239_r17,candidate_test,PackedBatch.apply_many,768,candidate,0.004369599996910741,5.68958332931086,0.17575979507116615,True,trace-level task breakdown; no BER; no full decoder
lightweight,ofec_like,ebch_256_239_r17,event_update,PackedBatch.apply_many,24,update,0.0002098666736856103,8.744444736900428,0.1143583189199114,True,trace-level task breakdown; no BER; no full decoder
lightweight,ofec_like,ebch_256_239_r17,syndrome,PackedBlockLUT.apply_many_packed,24,component,0.0001668666567032536,6.952777362635566,0.14382741569923263,True,trace-level task breakdown; no BER; no full decoder
lightweight,ofec_like,ebch_256_239_r17,candidate_test,PackedBlockLUT.apply_many_packed,768,candidate,0.0004709999969539543,0.6132812460337946,1.6305732589528676,True,trace-level task breakdown; no BER; no full decoder
lightweight,ofec_like,ebch_256_239_r17,event_update,PackedBlockLUT.apply_many_packed,24,update,0.00019013332591081658,7.922221912950691,0.12622721390387592,True,trace-level task breakdown; no BER; no full decoder
lightweight,ofec_like,ebch_256_239_r17,syndrome,EventUpdate.integrated,24,component,0.0001435000061367949,5.979166922366454,0.16724737960722744,True,trace-level task breakdown; no BER; no full decoder
lightweight,ofec_like,ebch_256_239_r17,candidate_test,EventUpdate.integrated,768,candidate,0.004359666665550321,5.676649304101981,0.1761602569454826,True,trace-level task breakdown; no BER; no full decoder
lightweight,ofec_like,ebch_256_239_r17,event_update,EventUpdate.integrated,24,update,3.070000093430281e-05,1.2791667055959504,0.7817589338632063,True,trace-level task breakdown; no BER; no full decoder
lightweight,ofec_like,ebch_256_239_r17,syndrome,Naive.apply_many,32,component,0.00017493332658583918,5.4666664558074745,0.18292683632411066,True,trace-level task breakdown; no BER; no full decoder
lightweight,ofec_like,ebch_256_239_r17,candidate_test,Naive.apply_many,256,candidate,0.0014879333515030642,5.812239654308844,0.17205071701726204,True,trace-level task breakdown; no BER; no full decoder
lightweight,ofec_like,ebch_256_239_r17,event_update,Naive.apply_many,32,update,0.00018453334147731462,5.766666921166082,0.17341039697118302,True,trace-level task breakdown; no BER; no full decoder
lightweight,ofec_like,ebch_256_239_r17,syndrome,PackedBatch.apply_many,32,component,0.00018123333575204015,5.663541742251255,0.17656795791576538,True,trace-level task breakdown; no BER; no full decoder
lightweight,ofec_like,ebch_256_239_r17,candidate_test,PackedBatch.apply_many,256,candidate,0.001449933333788067,5.663802085109637,0.17655984177643497,True,trace-level task breakdown; no BER; no full decoder
lightweight,ofec_like,ebch_256_239_r17,event_update,PackedBatch.apply_many,32,update,0.00018526666099205613,5.789583156001754,0.17272400672980281,True,trace-level task breakdown; no BER; no full decoder
lightweight,ofec_like,ebch_256_239_r17,syndrome,PackedBlockLUT.apply_many_packed,32,component,6.926667022829254e-05,2.164583444634142,0.46198265189495624,True,trace-level task breakdown; no BER; no full decoder
lightweight,ofec_like,ebch_256_239_r17,candidate_test,PackedBlockLUT.apply_many_packed,256,candidate,0.00015919998986646533,0.6218749604158802,1.608040303361383,True,trace-level task breakdown; no BER; no full decoder
lightweight,ofec_like,ebch_256_239_r17,event_update,PackedBlockLUT.apply_many_packed,32,update,8.226667220393817e-05,2.570833506373068,0.3889789041262342,True,trace-level task breakdown; no BER; no full decoder
lightweight,ofec_like,ebch_256_239_r17,syndrome,EventUpdate.integrated,32,component,0.0001970000060585638,6.156250189330119,0.16243654322775553,True,trace-level task breakdown; no BER; no full decoder
lightweight,ofec_like,ebch_256_239_r17,candidate_test,EventUpdate.integrated,256,candidate,0.0014137666633663077,5.52252602877464,0.18107655713881424,True,trace-level task breakdown; no BER; no full decoder
lightweight,ofec_like,ebch_256_239_r17,event_update,EventUpdate.integrated,32,update,1.1699992076804241e-05,0.36562475240013254,2.7350445872045874,True,trace-level task breakdown; no BER; no full decoder
lightweight,ofec_like,ebch_256_239_r17,syndrome,Naive.apply_many,96,component,0.0006341333307015399,6.605555528141041,0.15138772140205195,True,trace-level task breakdown; no BER; no full decoder
lightweight,ofec_like,ebch_256_239_r17,candidate_test,Naive.apply_many,768,candidate,0.004305866663344204,5.606597217896099,0.17836130564329258,True,trace-level task breakdown; no BER; no full decoder
lightweight,ofec_like,ebch_256_239_r17,event_update,Naive.apply_many,96,update,0.0005228000033336381,5.4458333680587305,0.18362662468985327,True,trace-level task breakdown; no BER; no full decoder
lightweight,ofec_like,ebch_256_239_r17,syndrome,PackedBatch.apply_many,96,component,0.0005339999916031957,5.562499912533288,0.17977528372572635,True,trace-level task breakdown; no BER; no full decoder
lightweight,ofec_like,ebch_256_239_r17,candidate_test,PackedBatch.apply_many,768,candidate,0.004223533323965967,5.499392348914019,0.1818382716769559,True,trace-level task breakdown; no BER; no full decoder
lightweight,ofec_like,ebch_256_239_r17,event_update,PackedBatch.apply_many,96,update,0.0005463333412383994,5.69097230456666,0.17571689800661314,True,trace-level task breakdown; no BER; no full decoder
lightweight,ofec_like,ebch_256_239_r17,syndrome,PackedBlockLUT.apply_many_packed,96,component,0.00024559998807186884,2.558333209081967,0.390879497811327,True,trace-level task breakdown; no BER; no full decoder
lightweight,ofec_like,ebch_256_239_r17,candidate_test,PackedBlockLUT.apply_many_packed,768,candidate,0.0005816999861660103,0.7574218569869926,1.320268210872575,True,trace-level task breakdown; no BER; no full decoder
lightweight,ofec_like,ebch_256_239_r17,event_update,PackedBlockLUT.apply_many_packed,96,update,0.0002473666487882535,2.5767359248776405,0.3880878868281724,True,trace-level task breakdown; no BER; no full decoder
lightweight,ofec_like,ebch_256_239_r17,syndrome,EventUpdate.integrated,96,component,0.0006059666629880667,6.3121527394590276,0.15842455676788697,True,trace-level task breakdown; no BER; no full decoder
lightweight,ofec_like,ebch_256_239_r17,candidate_test,EventUpdate.integrated,768,candidate,0.004389999997025977,5.716145829460907,0.17494305251031542,True,trace-level task breakdown; no BER; no full decoder
lightweight,ofec_like,ebch_256_239_r17,event_update,EventUpdate.integrated,96,update,3.5166662807265915e-05,0.3663194042423533,2.729858119496203,True,trace-level task breakdown; no BER; no full decoder
lightweight,ofec_like,ebch_256_239_r17,syndrome,Naive.apply_many,32,component,0.00017749999339381853,5.546874793556829,0.1802816968505555,True,trace-level task breakdown; no BER; no full decoder
lightweight,ofec_like,ebch_256_239_r17,candidate_test,Naive.apply_many,256,candidate,0.0013822333227532606,5.399348917004924,0.18520751582668799,True,trace-level task breakdown; no BER; no full decoder
lightweight,ofec_like,ebch_256_239_r17,event_update,Naive.apply_many,32,update,0.00018309999722987413,5.721874913433567,0.17476788904494292,True,trace-level task breakdown; no BER; no full decoder
lightweight,ofec_like,ebch_256_239_r17,syndrome,PackedBatch.apply_many,32,component,0.0001771333433377246,5.535416979303894,0.18065486371466724,True,trace-level task breakdown; no BER; no full decoder
lightweight,ofec_like,ebch_256_239_r17,candidate_test,PackedBatch.apply_many,256,candidate,0.0013812333151387672,5.3954426372608095,0.18534160535671748,True,trace-level task breakdown; no BER; no full decoder
lightweight,ofec_like,ebch_256_239_r17,event_update,PackedBatch.apply_many,32,update,0.00017729999187091985,5.540624745966245,0.18048506185661325,True,trace-level task breakdown; no BER; no full decoder
lightweight,ofec_like,ebch_256_239_r17,syndrome,PackedBlockLUT.apply_many_packed,32,component,6.576668238267303e-05,2.055208824458532,0.48656856086799904,True,trace-level task breakdown; no BER; no full decoder
lightweight,ofec_like,ebch_256_239_r17,candidate_test,PackedBlockLUT.apply_many_packed,256,candidate,0.00013979999736572304,0.5460937397098556,1.8311874450919519,True,trace-level task breakdown; no BER; no full decoder
lightweight,ofec_like,ebch_256_239_r17,event_update,PackedBlockLUT.apply_many_packed,32,update,6.396668807913859e-05,1.998959002473081,0.5002603849117544,True,trace-level task breakdown; no BER; no full decoder
lightweight,ofec_like,ebch_256_239_r17,syndrome,EventUpdate.integrated,32,component,0.00017376667043815056,5.430208451192205,0.18415499312562292,True,trace-level task breakdown; no BER; no full decoder
lightweight,ofec_like,ebch_256_239_r17,candidate_test,EventUpdate.integrated,256,candidate,0.0013670999906025827,5.340234338291339,0.18725770006564169,True,trace-level task breakdown; no BER; no full decoder
lightweight,ofec_like,ebch_256_239_r17,event_update,EventUpdate.integrated,32,update,1.1566677130758762e-05,0.3614586603362113,2.7665681023380335,True,trace-level task breakdown; no BER; no full decoder
lightweight,ofec_like,ebch_256_239_r17,syndrome,Naive.apply_many,96,component,0.0005581333340766529,5.813888896631801,0.17200191090327452,True,trace-level task breakdown; no BER; no full decoder
lightweight,ofec_like,ebch_256_239_r17,candidate_test,Naive.apply_many,768,candidate,0.004351533328493436,5.666059021475828,0.17648951347131075,True,trace-level task breakdown; no BER; no full decoder
lightweight,ofec_like,ebch_256_239_r17,event_update,Naive.apply_many,96,update,0.0006067000019053618,6.319791686514185,0.15823306362041994,True,trace-level task breakdown; no BER; no full decoder
lightweight,ofec_like,ebch_256_239_r17,syndrome,PackedBatch.apply_many,96,component,0.0005547666611770788,5.778819387261239,0.17304572664174075,True,trace-level task breakdown; no BER; no full decoder
lightweight,ofec_like,ebch_256_239_r17,candidate_test,PackedBatch.apply_many,768,candidate,0.004396566655486822,5.724696165998466,0.17468175969572808,True,trace-level task breakdown; no BER; no full decoder
lightweight,ofec_like,ebch_256_239_r17,event_update,PackedBatch.apply_many,96,update,0.0005852333270013332,6.096180489597221,0.1640371379598163,True,trace-level task breakdown; no BER; no full decoder
lightweight,ofec_like,ebch_256_239_r17,syndrome,PackedBlockLUT.apply_many_packed,96,component,0.00020556667974839607,2.1413195807124588,0.46700175396858806,True,trace-level task breakdown; no BER; no full decoder
lightweight,ofec_like,ebch_256_239_r17,candidate_test,PackedBlockLUT.apply_many_packed,768,candidate,0.0007833000078486899,1.0199218852196483,0.9804672441013872,True,trace-level task breakdown; no BER; no full decoder
lightweight,ofec_like,ebch_256_239_r17,event_update,PackedBlockLUT.apply_many_packed,96,update,0.0003513333310062687,3.6597221979819654,0.27324478359352455,True,trace-level task breakdown; no BER; no full decoder
lightweight,ofec_like,ebch_256_239_r17,syndrome,EventUpdate.integrated,96,component,0.0005345666819872955,5.568402937367662,0.1795847052104185,True,trace-level task breakdown; no BER; no full decoder
lightweight,ofec_like,ebch_256_239_r17,candidate_test,EventUpdate.integrated,768,candidate,0.004376000026240945,5.697916700834564,0.17550274117793468,True,trace-level task breakdown; no BER; no full decoder
lightweight,ofec_like,ebch_256_239_r17,event_update,EventUpdate.integrated,96,update,3.283333110933503e-05,0.34201386572223985,2.9238580660707223,True,trace-level task breakdown; no BER; no full decoder
